Date,Time,Open,High,Low,Close,Volume
04-01-2021,04:00:00,709,725,709,725,25351
04-01-2021,04:05:00,725,725,719,719,18079
04-01-2021,04:10:00,720,722,720,721,5139
04-01-2021,04:15:00,720.8,722.39,720,722.39,4148
04-01-2021,04:20:00,722.58,724.3,722.58,723.45,4621
04-01-2021,04:25:00,723.79,724,723.05,724,4300
04-01-2021,04:30:00,724,724.02,722.8,723,3745
04-01-2021,04:35:00,723.4,724.84,723.4,724.84,1249
04-01-2021,04:40:00,724.93,725.5,724.8,725.36,10269
04-01-2021,04:45:00,725.43,725.8,725,725.07,2314
04-01-2021,04:50:00,725.24,725.47,725,725.28,1465
04-01-2021,04:55:00,725.37,726.75,725.37,726.75,912
04-01-2021,05:00:00,726.85,727.3,726.53,727.27,2953
04-01-2021,05:05:00,727.3,728.1,727.3,727.79,1315
04-01-2021,05:10:00,728.5,729.77,728.3,728.3,3512
04-01-2021,05:15:00,728,728.01,726.53,726.53,4113
04-01-2021,05:20:00,725.78,726,725,726,2182
04-01-2021,05:25:00,725.28,725.32,725.28,725.32,266
04-01-2021,05:30:00,725.25,725.69,725.17,725.69,1097
04-01-2021,05:35:00,725.9,726.51,725.61,725.61,3947
04-01-2021,05:40:00,725.06,725.5,725,725,1629
04-01-2021,05:45:00,725,725.1,725,725,1146
04-01-2021,05:50:00,725.25,725.5,725,725.41,1853
04-01-2021,05:55:00,725.4,725.5,725,725.12,902
04-01-2021,06:00:00,725.6,726.98,725.5,725.5,991
04-01-2021,06:05:00,725.5,725.5,725.48,725.5,1476
04-01-2021,06:10:00,725.5,725.6,725,725,435
04-01-2021,06:15:00,725,725.51,725,725.11,2711
04-01-2021,06:20:00,725.2,725.2,725,725,639
04-01-2021,06:25:00,725.49,725.5,725.49,725.5,300
04-01-2021,06:30:00,725.99,727.49,725.7,727.49,2312
04-01-2021,06:40:00,727.49,727.79,727.49,727.5,1110
04-01-2021,06:45:00,727.78,728,727.49,728,1986
04-01-2021,06:50:00,727.9,727.9,725.42,725.42,1127
04-01-2021,06:55:00,726.14,726.5,726.14,726.14,2526
04-01-2021,07:00:00,725.51,725.98,721.41,722.81,66023
04-01-2021,07:05:00,722.96,723,721.93,722.5,38689
04-01-2021,07:10:00,722.41,722.54,721.35,722.5,23759
04-01-2021,07:15:00,722.49,723,721.33,721.9,27074
04-01-2021,07:20:00,721.92,721.99,719.25,719.43,39018
04-01-2021,07:25:00,719.3,720.54,718.23,720.5,24307
04-01-2021,07:30:00,720.46,720.95,720.02,720.52,9805
04-01-2021,07:35:00,720.3,721,720.18,720.55,21913
04-01-2021,07:40:00,720.73,721.89,720.32,721.89,22936
04-01-2021,07:45:00,721.89,722.5,721.02,721.6,21370
04-01-2021,07:50:00,721.98,722.39,720.8,721,25314
04-01-2021,07:55:00,720.75,720.75,720,720.5,6697
04-01-2021,08:00:00,726,726,718.2,719,96612
04-01-2021,08:05:00,719,721.5,718.76,721,18342
04-01-2021,08:10:00,720.66,721.83,720.52,721.25,10828
04-01-2021,08:15:00,721.4,722.15,721.12,721.18,26294
04-01-2021,08:20:00,721.18,721.31,720.45,720.61,5440
04-01-2021,08:25:00,720.65,720.69,719.43,720.33,13706
04-01-2021,08:30:00,720.6,721.77,720.43,721.3,23510
04-01-2021,08:35:00,721.5,721.75,720.99,721.5,8306
04-01-2021,08:40:00,721.29,722.77,721.29,721.9,30080
04-01-2021,08:45:00,721.8,721.99,721.05,721.34,8331
04-01-2021,08:50:00,721.45,721.45,720.98,721.15,13410
04-01-2021,08:55:00,721,721,719.21,719.6,19333
04-01-2021,09:00:00,719.9,719.91,718.8,719.59,28777
04-01-2021,09:05:00,719.75,720,719.17,719.26,18033
04-01-2021,09:10:00,719.21,719.5,715.5,717.88,46483
04-01-2021,09:15:00,717.85,718,715.62,717,39285
04-01-2021,09:20:00,717,717.86,716.65,717.24,15674
04-01-2021,09:25:00,717.3,720.9,716.3,719.77,88571
04-01-2021,09:30:00,719.5,728.25,717.19,728.05,1859253
04-01-2021,09:35:00,728.131,730.88,725.58,726.85,1257850
04-01-2021,09:40:00,727.26,742.85,726.938,742.6,1513897
04-01-2021,09:45:00,742.528,743.76,739.41,740.72,1165648
04-01-2021,09:50:00,740.538,741.8,735.22,737.382,757408
04-01-2021,09:55:00,737.7,741.11,736.81,738.55,539267
04-01-2021,10:00:00,738.95,739.27,735.66,737.794,458457
04-01-2021,10:05:00,737.7,739.54,734.35,735.2,517974
04-01-2021,10:10:00,735.61,738.5,733.5,738.343,530481
04-01-2021,10:15:00,738.46,741.47,737.93,739.611,602791
04-01-2021,10:20:00,739.468,743,738.52,741.93,653639
04-01-2021,10:25:00,742,742.767,738.57,740.03,417205
04-01-2021,10:30:00,740,744.49,739.339,741.845,615762
04-01-2021,10:35:00,741.73,742.01,739.51,740.25,347687
04-01-2021,10:40:00,740.225,743.19,738.57,741.057,459410
04-01-2021,10:45:00,741,741.071,736,736.668,532311
04-01-2021,10:50:00,736.575,738.16,735.68,736.45,439834
04-01-2021,10:55:00,736.326,738.8,730.52,731.2,642248
04-01-2021,11:00:00,731.335,733.99,728.26,729.39,662454
04-01-2021,11:05:00,729.115,732.99,728.6,732,530468
04-01-2021,11:10:00,732,732.19,728.5,729.89,356358
04-01-2021,11:15:00,729.8,731.62,728.51,730.522,299472
04-01-2021,11:20:00,730.4,734.91,730.25,733.72,510199
04-01-2021,11:25:00,733.575,736.82,732.84,735.62,390919
04-01-2021,11:30:00,735.45,735.75,732.2,733.755,300436
04-01-2021,11:35:00,733.75,734.769,731.925,734.32,189470
04-01-2021,11:40:00,734.32,734.43,732.4,732.843,106768
04-01-2021,11:45:00,732.99,733.69,731.77,733.3,120479
04-01-2021,11:50:00,733.195,734.5,729.368,729.87,278814
04-01-2021,11:55:00,729.84,733.06,729.253,730.975,268158
04-01-2021,12:00:00,730.854,732.634,727,727.49,416187
04-01-2021,12:05:00,727.66,729.4,724.5,725.09,413809
04-01-2021,12:10:00,725.24,725.87,720.12,721.45,610618
04-01-2021,12:15:00,721.436,723.82,719.99,720.3,720282
04-01-2021,12:20:00,720.3,724.99,718.03,724.234,645194
04-01-2021,12:25:00,724.42,725.958,722.72,723.61,324480
04-01-2021,12:30:00,723.76,725.25,721.151,724.202,286152
04-01-2021,12:35:00,724.22,725.71,722.145,723.14,217393
04-01-2021,12:40:00,723.016,723.32,721.515,722.24,175143
04-01-2021,12:45:00,722.299,722.72,719.9,721.34,255734
04-01-2021,12:50:00,721.34,723.2,720.447,723.07,285528
04-01-2021,12:55:00,723.028,724.99,722.917,724.055,240066
04-01-2021,13:00:00,723.83,727.76,723.31,727.041,431086
04-01-2021,13:05:00,727.079,727.39,724.82,726.31,184326
04-01-2021,13:10:00,726.43,727.17,725.537,726.055,140546
04-01-2021,13:15:00,725.95,731,725.8,729.93,440028
04-01-2021,13:20:00,729.88,731.429,728.87,731.032,263629
04-01-2021,13:25:00,731.065,731.99,729.79,731.165,254324
04-01-2021,13:30:00,731.11,731.66,728.67,729.14,174838
04-01-2021,13:35:00,729.02,732.72,729.015,732.32,249799
04-01-2021,13:40:00,732.24,734.85,731.904,733.959,357944
04-01-2021,13:45:00,734.115,735.8,733.18,735.339,244042
04-01-2021,13:50:00,735.375,736.49,734.4,736,219312
04-01-2021,13:55:00,735.975,736,732.58,733.13,243939
04-01-2021,14:00:00,733.283,733.99,732.17,733.2,149095
04-01-2021,14:05:00,733.15,733.48,729.11,729.7,240218
04-01-2021,14:10:00,729.94,731.787,729.15,731.31,208797
04-01-2021,14:15:00,731.19,731.28,728.35,729.03,136139
04-01-2021,14:20:00,729.005,730.05,727.73,729.39,210832
04-01-2021,14:25:00,729.192,729.193,726.25,727.47,271639
04-01-2021,14:30:00,727.29,728.38,726.3,727.04,181844
04-01-2021,14:35:00,726.985,729.85,726.39,729.3,209316
04-01-2021,14:40:00,729.3,729.3,727.21,728.56,155375
04-01-2021,14:45:00,728.37,728.65,725.4,725.701,147980
04-01-2021,14:50:00,725.81,727,724.28,725.839,346247
04-01-2021,14:55:00,725.73,730.69,725.73,730.38,334527
04-01-2021,15:00:00,730.37,730.9,726.8,727.285,205645
04-01-2021,15:05:00,727.155,731,727.15,729.496,257927
04-01-2021,15:10:00,729.6,731,728.141,730.78,155468
04-01-2021,15:15:00,730.605,732.68,729.83,730.167,285329
04-01-2021,15:20:00,730.07,731.43,729.58,729.9,180069
04-01-2021,15:25:00,729.65,731.41,729.65,730.791,164454
04-01-2021,15:30:00,730.855,730.99,729.2,730.59,197962
04-01-2021,15:35:00,730.5,732.78,730.461,731.89,272094
04-01-2021,15:40:00,731.99,732.09,729.36,730.053,240919
04-01-2021,15:45:00,730.1,730.5,729.25,730,184119
04-01-2021,15:50:00,729.86,731.4,728.25,729.295,266116
04-01-2021,15:55:00,729.42,730.1,729,729.75,389840
04-01-2021,16:00:00,729.77,730.29,729.333,729.78,1944295
04-01-2021,16:05:00,729.85,731,729.6,730.51,10890
04-01-2021,16:10:00,730.5,731.525,729.77,730.1,15040
04-01-2021,16:15:00,730.1,731.49,730.1,731,7717
04-01-2021,16:20:00,730.8,731,729.8,730.1,4355
04-01-2021,16:25:00,729.9,730.3,729.9,730.29,5078
04-01-2021,16:30:00,730.4,730.76,730.05,730.35,1710
04-01-2021,16:35:00,730.6,731,729.77,730.54,3384
04-01-2021,16:40:00,730.66,730.8,730.1,730.25,7108
04-01-2021,16:45:00,730.25,730.6,730.25,730.6,3180
04-01-2021,16:50:00,730.69,730.69,730.3,730.6,1891
04-01-2021,16:55:00,730.66,730.9,730.51,730.51,2262
04-01-2021,17:00:00,730.52,730.69,730.33,730.6,3368
04-01-2021,17:05:00,730.42,731,730.42,730.8,2695
04-01-2021,17:10:00,731.25,731.8,731,731.4,6044
04-01-2021,17:15:00,731.4,731.45,731.4,731.45,694
04-01-2021,17:20:00,731.2,731.2,730.51,730.64,2068
04-01-2021,17:25:00,730.96,730.96,730.51,730.6,623
04-01-2021,17:30:00,730.95,730.95,730.6,730.6,1296
04-01-2021,17:35:00,730.61,730.94,730.61,730.61,1292
04-01-2021,17:40:00,730.8,730.9,730.71,730.9,2700
04-01-2021,17:45:00,730.75,731,730.75,731,4737
04-01-2021,17:50:00,731,731.88,731,731.1,3833
04-01-2021,17:55:00,731.1,731.6,731,731,1791
04-01-2021,18:00:00,730.8,730.8,730.5,730.5,1989
04-01-2021,18:05:00,730.4,730.4,730.1,730.35,2052
04-01-2021,18:10:00,730.3,730.5,730.15,730.24,3090
04-01-2021,18:15:00,730.25,730.25,730.12,730.12,774
04-01-2021,18:20:00,730,730.43,730,730.05,8968
04-01-2021,18:25:00,730.43,730.43,730.02,730.3,1504
04-01-2021,18:30:00,730.17,730.39,730,730.1,2398
04-01-2021,18:35:00,730.1,730.1,729.81,729.95,3075
04-01-2021,18:40:00,729.77,730.27,729.55,729.65,5107
04-01-2021,18:45:00,729.88,730.09,729.88,730.09,916
04-01-2021,18:50:00,729.77,729.95,729.77,729.8,1206
04-01-2021,18:55:00,729.93,729.93,729.5,729.6,1657
04-01-2021,19:00:00,729.21,729.54,729.05,729.07,4596
04-01-2021,19:05:00,729.54,730.4,729.54,730.4,2303
04-01-2021,19:10:00,730.5,730.85,730.36,730.36,800
04-01-2021,19:15:00,730.1,730.5,730.1,730.5,400
04-01-2021,19:20:00,730.13,730.13,729.77,729.77,2119
04-01-2021,19:25:00,729.7,730.2,729.55,730.2,2229
04-01-2021,19:30:00,729.9,730.2,729.9,730.2,891
04-01-2021,19:35:00,730.1,730.49,730.1,730.36,4330
04-01-2021,19:40:00,730.65,730.75,730.52,730.52,1148
04-01-2021,19:45:00,730.7,730.79,730.61,730.79,1367
04-01-2021,19:50:00,730.75,731.5,730.75,731.5,4153
04-01-2021,19:55:00,731.5,733.66,731.5,733.6,13603
05-01-2021,04:00:00,730.13,733.5,730.13,733.5,2915
05-01-2021,04:05:00,734.39,735.1,733.7,733.7,1923
05-01-2021,04:10:00,733,734.6,732.82,734.6,898
05-01-2021,04:15:00,734.9,737.89,734.9,737.41,2412
05-01-2021,04:20:00,737.33,737.33,736.41,736.41,398
05-01-2021,04:25:00,736.59,736.59,736.59,736.59,200
05-01-2021,04:30:00,735,735.34,735,735.34,760
05-01-2021,04:35:00,735.68,735.68,735.68,735.68,256
05-01-2021,04:50:00,735.61,735.61,734,734,2416
05-01-2021,04:55:00,733.01,733.01,731,732,3632
05-01-2021,05:00:00,731.95,732.1,731,732,2525
05-01-2021,05:05:00,732,732.6,731,731.01,1190
05-01-2021,05:10:00,731.75,732,731.75,732,400
05-01-2021,05:15:00,731.41,731.41,729.84,730,5527
05-01-2021,05:20:00,730.99,730.99,730.99,730.99,100
05-01-2021,05:25:00,731.75,731.75,731.06,731.06,350
05-01-2021,05:30:00,731.75,732.01,731.5,731.5,1000
05-01-2021,05:35:00,731.37,731.5,731.37,731.5,900
05-01-2021,05:50:00,731.11,731.11,730.99,730.99,542
05-01-2021,05:55:00,731.2,731.2,731.2,731.2,100
05-01-2021,06:15:00,732.85,732.85,732.85,732.85,139
05-01-2021,06:20:00,734.14,734.14,734.14,734.14,100
05-01-2021,06:25:00,733.69,733.69,733.69,733.69,100
05-01-2021,06:30:00,733.5,733.5,733.5,733.5,265
05-01-2021,06:35:00,733.38,734,733,733,1295
05-01-2021,06:45:00,731.6,731.6,731.6,731.6,200
05-01-2021,06:50:00,731.6,732,731.6,732,282
05-01-2021,06:55:00,731.97,731.97,730,730.81,2204
05-01-2021,07:00:00,731,733.72,731,733.4,25191
05-01-2021,07:05:00,733.31,734.3,731.2,731.78,32598
05-01-2021,07:10:00,731.75,732.23,729.5,730.89,31046
05-01-2021,07:15:00,730.95,731.32,729.44,729.44,22398
05-01-2021,07:20:00,729.5,730.65,729,730,14055
05-01-2021,07:25:00,730,730.1,729,729.01,10593
05-01-2021,07:30:00,728.9,729.3,727,727.01,22468
05-01-2021,07:35:00,727.21,729.48,727.21,728.5,7676
05-01-2021,07:40:00,728.4,728.5,726.64,727.1,7163
05-01-2021,07:45:00,727.6,728.56,727,728.38,7103
05-01-2021,07:50:00,728.36,729,728.28,728.58,8227
05-01-2021,07:55:00,728.03,728.2,725.66,726.46,15780
05-01-2021,08:00:00,732.98,733.99,725.3,726.3,40020
05-01-2021,08:05:00,726.31,726.31,724.7,725.48,21001
05-01-2021,08:10:00,725.12,725.16,723.6,724.68,18900
05-01-2021,08:15:00,724.62,724.62,722.14,722.37,24699
05-01-2021,08:20:00,722.38,723,721.61,721.62,31375
05-01-2021,08:25:00,721.66,723,721.35,722.6,21853
05-01-2021,08:30:00,722.59,724.77,722.59,723.5,16524
05-01-2021,08:35:00,723.55,725.6,723.55,724.44,14090
05-01-2021,08:40:00,724.25,725,723.69,724,10433
05-01-2021,08:45:00,724.05,724.48,722.42,722.42,12751
05-01-2021,08:50:00,722.3,724.55,721.55,724.55,15401
05-01-2021,08:55:00,724.67,724.7,722.53,723.82,5458
05-01-2021,09:00:00,723.2,724,722.02,723.4,8725
05-01-2021,09:05:00,723,723.4,721.5,721.94,19042
05-01-2021,09:10:00,722.22,723.5,722,722.18,16301
05-01-2021,09:15:00,722.16,723.19,722,722.25,10263
05-01-2021,09:20:00,722.22,722.3,721.01,721.47,15701
05-01-2021,09:25:00,721.52,724.44,721.51,724,17225
05-01-2021,09:30:00,723.66,727.12,719.2,724.365,1115366
05-01-2021,09:35:00,723.66,728.43,722.69,725.27,714276
05-01-2021,09:40:00,725.433,726.82,721.39,723.04,446906
05-01-2021,09:45:00,723.281,728.35,722.26,726.605,396332
05-01-2021,09:50:00,726.9,727.48,723.33,724.91,303864
05-01-2021,09:55:00,725.22,727.27,721.68,721.9,455492
05-01-2021,10:00:00,721.94,725.27,720.3,724.5,484630
05-01-2021,10:05:00,724.61,727.6,724.258,726.583,405048
05-01-2021,10:10:00,726.86,727.5,723.79,727.315,250738
05-01-2021,10:15:00,727.5,734.85,727.48,734.02,834071
05-01-2021,10:20:00,734,735.68,732.06,735.2,556372
05-01-2021,10:25:00,735.37,735.392,731.61,731.9,310089
05-01-2021,10:30:00,731.861,733.2,730.55,732.03,273814
05-01-2021,10:35:00,732.04,734.266,731.58,733.08,242411
05-01-2021,10:40:00,732.96,734.44,732.36,732.5,200512
05-01-2021,10:45:00,732.579,734.25,731.56,734.248,251747
05-01-2021,10:50:00,734.256,738.5,734.014,737.613,571945
05-01-2021,10:55:00,737.613,737.631,734.25,734.664,322696
05-01-2021,11:00:00,734.76,736.679,734.667,735.893,222306
05-01-2021,11:05:00,735.896,737.5,735,735.5,190824
05-01-2021,11:10:00,735.65,738.898,735.53,736.725,323047
05-01-2021,11:15:00,736.55,736.671,733.37,736.01,248474
05-01-2021,11:20:00,736.01,736.58,734.6,735.812,131327
05-01-2021,11:25:00,735.845,738.76,735.34,738.59,250674
05-01-2021,11:30:00,738.78,740.84,738.61,739.269,484268
05-01-2021,11:35:00,739.36,740.12,737.7,737.97,261648
05-01-2021,11:40:00,737.96,739.11,736.7,738.425,223436
05-01-2021,11:45:00,738.386,740.01,737.17,737.79,218047
05-01-2021,11:50:00,737.795,738.18,736.27,737.78,171589
05-01-2021,11:55:00,737.731,737.89,736.91,737.42,117354
05-01-2021,12:00:00,737.41,737.5,736.03,737.077,111288
05-01-2021,12:05:00,737.09,737.1,735.1,735.71,169550
05-01-2021,12:10:00,735.71,736.653,733.53,734.682,265847
05-01-2021,12:15:00,734.681,737.245,734,736.351,274640
05-01-2021,12:20:00,736.2,737,735.38,736.9,156137
05-01-2021,12:25:00,736.71,737.79,736.378,737.67,145450
05-01-2021,12:30:00,737.67,737.79,736.24,736.34,124864
05-01-2021,12:35:00,736.47,736.89,735.61,736.358,82608
05-01-2021,12:40:00,736.379,737.5,735.68,736.69,145899
05-01-2021,12:45:00,736.559,737.25,735.68,736.22,116188
05-01-2021,12:50:00,736.295,736.9,735.15,735.31,86743
05-01-2021,12:55:00,735.389,738.33,735.389,738.32,151205
05-01-2021,13:00:00,738.202,738.7,737.22,737.508,126318
05-01-2021,13:05:00,737.7,738.75,737.04,738.45,148429
05-01-2021,13:10:00,738.43,739.491,737.19,737.63,216286
05-01-2021,13:15:00,737.48,739.9,737.37,739.32,203021
05-01-2021,13:20:00,739.36,740,738.4,739.4,185069
05-01-2021,13:25:00,739.358,740.6,738.436,738.737,292423
05-01-2021,13:30:00,738.73,739.72,738.73,739.37,96818
05-01-2021,13:35:00,739.2,739.5,738.51,739.38,68688
05-01-2021,13:40:00,739.48,739.99,739.14,739.885,76140
05-01-2021,13:45:00,739.814,740.53,738.495,738.97,189624
05-01-2021,13:50:00,738.872,739.42,738.01,738.3,102741
05-01-2021,13:55:00,738.45,739.42,738.45,738.67,69389
05-01-2021,14:00:00,738.7,739.27,738.006,738.385,94870
05-01-2021,14:05:00,738.4,739.67,738.35,739.542,87591
05-01-2021,14:10:00,739.46,739.7,737.51,738.086,173765
05-01-2021,14:15:00,738.105,738.353,737,737.828,115190
05-01-2021,14:20:00,737.94,738.7,737.549,738.107,85245
05-01-2021,14:25:00,738.2,738.97,738.05,738.329,55016
05-01-2021,14:30:00,738.4,739.03,737.4,737.705,117653
05-01-2021,14:35:00,737.83,738.39,737.33,737.401,81187
05-01-2021,14:40:00,737.5,738.46,737.215,738.295,78916
05-01-2021,14:45:00,738.29,739.4,737.72,737.84,149241
05-01-2021,14:50:00,737.736,738,735.2,735.81,250660
05-01-2021,14:55:00,735.83,736.75,735.3,736.035,152462
05-01-2021,15:00:00,736.025,736.69,733.6,735.6,293489
05-01-2021,15:05:00,735.605,735.69,734.15,734.77,135103
05-01-2021,15:10:00,734.9,736.3,734.797,736,124213
05-01-2021,15:15:00,735.97,736.29,734.7,735.55,86980
05-01-2021,15:20:00,735.49,736.16,734.5,735.26,100326
05-01-2021,15:25:00,735.155,736.159,735.1,735.9,125640
05-01-2021,15:30:00,735.9,736.8,735.5,735.999,184982
05-01-2021,15:35:00,735.88,736.4,733.03,733.03,181496
05-01-2021,15:40:00,733.12,734.49,732.07,733.947,282488
05-01-2021,15:45:00,733.947,734.33,731.12,731.639,289274
05-01-2021,15:50:00,731.8,733.086,731.51,732.936,287062
05-01-2021,15:55:00,733.09,735.49,732.382,735.055,453989
05-01-2021,16:00:00,735.11,735.11,733.6,734.48,651491
05-01-2021,16:05:00,734.5,735.11,734.06,734.165,52924
05-01-2021,16:10:00,733.04,734.38,733.04,734,5169
05-01-2021,16:15:00,733.98,734.2,733.65,734.2,2570
05-01-2021,16:20:00,734.2,743.5,734.04,742.55,138404
05-01-2021,16:25:00,742.78,744.51,740.36,744.21,102710
05-01-2021,16:30:00,744.17,745.65,742.12,744.78,80918
05-01-2021,16:35:00,744.77,746.73,744.01,746,84960
05-01-2021,16:40:00,746.25,746.73,733.24,744.95,83102
05-01-2021,16:45:00,745,747.86,744.58,747.86,50508
05-01-2021,16:50:00,747.75,749.69,747.53,749.2,90544
05-01-2021,16:55:00,749.16,750,748.58,749.36,84287
05-01-2021,17:00:00,749.65,749.65,748.1,748.33,42354
05-01-2021,17:05:00,748.52,749.73,748.3,749.5,32286
05-01-2021,17:10:00,749.3,749.67,735.11,748.83,181112
05-01-2021,17:15:00,748.77,749.07,748.55,749,12580
05-01-2021,17:20:00,749.1,750.75,748.93,750.5,57672
05-01-2021,17:25:00,750.5,751.75,750.5,750.5,67444
05-01-2021,17:30:00,750.5,750.98,749.61,749.91,42693
05-01-2021,17:35:00,749.9,750.93,749.75,750.78,20420
05-01-2021,17:40:00,750.78,752.8,750.65,752.8,48550
05-01-2021,17:45:00,752.81,754.4,752.81,753.65,57498
05-01-2021,17:50:00,753.65,754.35,753.5,753.7,22172
05-01-2021,17:55:00,753.7,753.97,753,753.21,16329
05-01-2021,18:00:00,753.39,753.5,751.78,752,14082
05-01-2021,18:05:00,751.8,752.98,751.77,751.78,7359
05-01-2021,18:10:00,751.97,752.38,751.6,751.6,7925
05-01-2021,18:15:00,751.61,752.5,751.6,752.5,13150
05-01-2021,18:20:00,752.5,752.5,752,752.01,14679
05-01-2021,18:25:00,752.01,753.44,752,753.3,9637
05-01-2021,18:30:00,753.5,754.18,753.4,753.82,23386
05-01-2021,18:35:00,753.8,754,753.16,753.25,3763
05-01-2021,18:40:00,753.15,753.75,753.15,753.55,4382
05-01-2021,18:45:00,753.6,753.9,753.25,753.25,5635
05-01-2021,18:50:00,753.27,753.48,753.27,753.36,2450
05-01-2021,18:55:00,753.5,753.6,753.33,753.34,6180
05-01-2021,19:00:00,753.32,753.32,752.8,752.9,6901
05-01-2021,19:05:00,752.56,752.75,751.95,751.95,9503
05-01-2021,19:10:00,751.7,751.7,750.79,751,13101
05-01-2021,19:15:00,751,751.45,750.5,751.4,5057
05-01-2021,19:20:00,751.5,752.75,751.5,752.5,13034
05-01-2021,19:25:00,752.5,753.01,752.5,752.69,8422
05-01-2021,19:30:00,753,753.19,752.8,753,5952
05-01-2021,19:35:00,753.01,753.01,752.05,752.1,4332
05-01-2021,19:40:00,752.25,752.75,752,752.75,6700
05-01-2021,19:45:00,752.75,753,752.3,752.68,9220
05-01-2021,19:50:00,752.75,753,752.52,752.8,9616
05-01-2021,19:55:00,752.75,753,752.4,752.9,26064
06-01-2021,04:00:00,748,751.5,746.66,748.31,11707
06-01-2021,04:05:00,748.46,748.46,746.99,747,2586
06-01-2021,04:10:00,747.41,750.89,747.16,750.79,5430
06-01-2021,04:15:00,749.65,750,749.29,749.29,733
06-01-2021,04:20:00,749.05,749.31,749.05,749.3,652
06-01-2021,04:25:00,749.5,752.55,749.5,752.49,6041
06-01-2021,04:30:00,752.21,752.21,750.21,750.74,4650
06-01-2021,04:50:00,751.5,752,751.1,751.1,834
06-01-2021,04:55:00,751.1,751.88,751.1,751.88,540
06-01-2021,05:00:00,751.6,751.6,751.26,751.5,300
06-01-2021,05:05:00,751.33,751.6,751.1,751.6,1400
06-01-2021,05:10:00,751.8,751.8,751.7,751.7,500
06-01-2021,05:15:00,752.15,752.37,751.84,752.37,1641
06-01-2021,05:20:00,752.75,752.75,752.75,752.75,100
06-01-2021,05:25:00,752.3,752.3,750.55,750.55,2257
06-01-2021,05:30:00,750.06,750.21,749.26,750.21,1314
06-01-2021,05:35:00,750.68,751,750.45,750.6,2436
06-01-2021,05:40:00,750.5,753,750.4,752.55,2655
06-01-2021,05:45:00,752.74,752.74,752.1,752.1,200
06-01-2021,05:50:00,752.4,752.5,752.4,752.5,250
06-01-2021,05:55:00,751.65,751.65,750.5,750.5,728
06-01-2021,06:00:00,750.96,751,750.3,751,1037
06-01-2021,06:05:00,750.5,751.5,750.5,751.5,1880
06-01-2021,06:10:00,751.68,751.68,750.16,750.16,1728
06-01-2021,06:15:00,750.51,750.51,749.6,750.01,3519
06-01-2021,06:20:00,750,750.17,749.51,750,4244
06-01-2021,06:25:00,749.89,749.89,749,749,2953
06-01-2021,06:30:00,748.61,749.05,748.3,749,4560
06-01-2021,06:35:00,749,749,747.52,747.52,2312
06-01-2021,06:40:00,747.54,749.89,747.5,749.88,5423
06-01-2021,06:45:00,750,750.62,749.5,749.97,3116
06-01-2021,06:50:00,750.4,751.25,750.39,751.25,1354
06-01-2021,06:55:00,751.2,751.85,751,751.85,2235
06-01-2021,07:00:00,751.65,757,751.33,755.45,73666
06-01-2021,07:05:00,755.6,757.47,754,754.41,36009
06-01-2021,07:10:00,754.77,755.97,754.26,755,22911
06-01-2021,07:15:00,755.3,755.56,754.25,754.5,10645
06-01-2021,07:20:00,754.81,756.31,754.56,756.02,14742
06-01-2021,07:25:00,756.4,756.5,755.9,756,11299
06-01-2021,07:30:00,755.98,758.6,755.93,757.51,42361
06-01-2021,07:35:00,757.78,758.75,757,758.47,17564
06-01-2021,07:40:00,758.3,759.9,758.3,759.8,33529
06-01-2021,07:45:00,759.84,759.84,759,759.12,15990
06-01-2021,07:50:00,759.11,759.53,757.75,757.75,18199
06-01-2021,07:55:00,757.8,757.88,756.41,757.88,11061
06-01-2021,08:00:00,755.01,759.98,751.32,759.87,90711
06-01-2021,08:05:00,759.8,759.8,758.1,758.5,32465
06-01-2021,08:10:00,758.3,759,757.76,758.9,13663
06-01-2021,08:15:00,758.98,759,758,758.1,11843
06-01-2021,08:20:00,758.03,760,758.03,759.55,30242
06-01-2021,08:25:00,759.6,762.67,759.25,762,69453
06-01-2021,08:30:00,762.08,763.52,761.36,763.31,70686
06-01-2021,08:35:00,763.14,764,762.65,763,61570
06-01-2021,08:40:00,763,763.25,762,763.2,32085
06-01-2021,08:45:00,763.19,763.4,762.25,763.3,19037
06-01-2021,08:50:00,763.2,763.8,762.11,762.51,29494
06-01-2021,08:55:00,762.65,762.8,760.26,760.6,41385
06-01-2021,09:00:00,760.74,762.1,760.45,761.18,24027
06-01-2021,09:05:00,761.2,761.25,759.45,760.5,35180
06-01-2021,09:10:00,760.5,761.85,760.16,761.85,16808
06-01-2021,09:15:00,761.79,763.74,761.77,763,36744
06-01-2021,09:20:00,763,763,761.19,762,30077
06-01-2021,09:25:00,761.85,761.85,757,757.99,59459
06-01-2021,09:30:00,758.49,761.5,751.85,753.095,1678725
06-01-2021,09:35:00,753.275,760.2,751.85,758.265,816690
06-01-2021,09:40:00,758.34,760,755.323,756.66,626225
06-01-2021,09:45:00,756.642,758.59,755.51,757.08,385838
06-01-2021,09:50:00,757.01,757.58,752.02,754.13,698836
06-01-2021,09:55:00,754.57,755.05,750.12,751.33,554883
06-01-2021,10:00:00,751.52,757.3,749.1,755.74,809945
06-01-2021,10:05:00,755.67,760.5,754.674,760.09,647963
06-01-2021,10:10:00,759.93,760.128,757.29,758.453,552422
06-01-2021,10:15:00,758.46,758.918,757.05,757.54,250849
06-01-2021,10:20:00,757.5,758.69,756.56,757.4,292054
06-01-2021,10:25:00,757.4,758.4,756.82,757.309,253723
06-01-2021,10:30:00,757.25,757.877,755.51,757.231,242718
06-01-2021,10:35:00,757.07,762.07,756.895,761.604,566586
06-01-2021,10:40:00,761.47,763.25,760.34,760.84,626187
06-01-2021,10:45:00,760.815,761.2,759,760.71,481968
06-01-2021,10:50:00,760.61,762.59,759.5,761.908,409927
06-01-2021,10:55:00,761.91,763.8,760.41,762.878,335182
06-01-2021,11:00:00,762.89,765.5,762.87,764.96,699486
06-01-2021,11:05:00,764.97,769.19,764.6,769.04,631310
06-01-2021,11:10:00,769.115,769.2,767.1,767.8,394917
06-01-2021,11:15:00,767.881,769.17,766.68,768.169,336066
06-01-2021,11:20:00,768.5,769.75,767.25,769.2,324198
06-01-2021,11:25:00,769.284,769.98,768.42,769.42,299175
06-01-2021,11:30:00,769.615,772.7,768.7,771.67,688311
06-01-2021,11:35:00,771.871,772.205,769.562,770.49,365253
06-01-2021,11:40:00,770.49,771.3,769.42,770.85,308286
06-01-2021,11:45:00,770.901,771.81,769.605,771.61,218800
06-01-2021,11:50:00,771.7,772.31,768.41,768.818,335852
06-01-2021,11:55:00,768.561,771.39,768.4,771.126,274590
06-01-2021,12:00:00,771.18,773.75,771.16,772.05,412591
06-01-2021,12:05:00,772,773.4,770.5,773.3,337493
06-01-2021,12:10:00,773.182,773.25,771.995,772.889,161563
06-01-2021,12:15:00,772.85,772.85,770.67,772.099,196841
06-01-2021,12:20:00,772,773.231,771.7,772.32,169953
06-01-2021,12:25:00,772.483,772.483,770.33,771.145,211737
06-01-2021,12:30:00,771.18,771.27,769.59,770.57,194929
06-01-2021,12:35:00,770.61,770.66,769.11,769.228,137289
06-01-2021,12:40:00,769.206,771.67,768.342,771.327,257777
06-01-2021,12:45:00,771.272,772.05,771.05,771.86,148672
06-01-2021,12:50:00,772,772.5,771.128,771.8,162142
06-01-2021,12:55:00,771.722,772,770.86,771.033,84723
06-01-2021,13:00:00,771.24,771.35,769.699,770.086,156846
06-01-2021,13:05:00,770.085,770.35,769.378,770,106541
06-01-2021,13:10:00,770.005,770.75,768.73,769.68,156790
06-01-2021,13:15:00,769.742,770.11,768.58,769.21,141808
06-01-2021,13:20:00,769.03,770.49,768.95,770.11,146146
06-01-2021,13:25:00,770.11,770.3,769.26,769.69,106886
06-01-2021,13:30:00,769.615,770.52,769.257,770.3,149796
06-01-2021,13:35:00,770.374,770.49,769.6,770.03,104620
06-01-2021,13:40:00,770.058,771.76,769.5,771.429,184050
06-01-2021,13:45:00,771.35,771.47,770.5,770.909,106478
06-01-2021,13:50:00,770.8,771.28,770.27,770.9,105066
06-01-2021,13:55:00,770.86,772.15,770.8,771.655,152922
06-01-2021,14:00:00,771.8,772.171,771.16,771.945,154865
06-01-2021,14:05:00,772.01,774,772.01,773.005,333215
06-01-2021,14:10:00,773.036,773.4,771.91,772.478,156311
06-01-2021,14:15:00,772.6,772.6,769,769.38,277951
06-01-2021,14:20:00,769.35,770.85,767.2,768.28,319012
06-01-2021,14:25:00,768.22,768.48,764.4,764.5,493022
06-01-2021,14:30:00,764.51,767.93,763.02,766.325,416611
06-01-2021,14:35:00,766.32,766.494,759,760.6,539703
06-01-2021,14:40:00,760.43,762.5,758,759.256,560714
06-01-2021,14:45:00,759.402,760.72,750,750.992,705756
06-01-2021,14:50:00,750.855,759.9,750.855,759.5,791130
06-01-2021,14:55:00,759.46,763.8,759.35,761.677,580774
06-01-2021,15:00:00,761.844,762.455,754.845,756.65,456125
06-01-2021,15:05:00,756.516,761,754.77,757.695,441212
06-01-2021,15:10:00,757.8,762.2,757.7,760.59,423216
06-01-2021,15:15:00,760.645,762.5,759.77,762.035,246597
06-01-2021,15:20:00,761.88,762.15,757.2,757.798,268980
06-01-2021,15:25:00,757.735,760.46,756.798,758.68,272185
06-01-2021,15:30:00,758.53,759.54,756,758.038,320610
06-01-2021,15:35:00,758.125,759.99,757.1,757.88,208537
06-01-2021,15:40:00,757.75,761.95,757.13,761.34,322612
06-01-2021,15:45:00,761.393,761.66,758.85,759.77,293462
06-01-2021,15:50:00,759.29,759.65,755.55,756.467,365828
06-01-2021,15:55:00,756.62,757.86,755,756.46,547854
06-01-2021,16:00:00,755.98,756.8,755,755.5,624697
06-01-2021,16:05:00,755.9,759.3,755.51,758,25376
06-01-2021,16:10:00,758,759.66,757.59,757.59,14457
06-01-2021,16:15:00,757.59,758.2,757.05,758.2,10783
06-01-2021,16:20:00,757.93,758.9,757.35,758.9,11696
06-01-2021,16:25:00,758.88,763.12,758.7,763,49305
06-01-2021,16:30:00,763,765,755.98,764.88,67449
06-01-2021,16:35:00,764.75,765,763.14,763.55,37259
06-01-2021,16:40:00,763.44,763.56,762.25,762.25,15147
06-01-2021,16:45:00,762.27,764.14,762.27,763.61,15878
06-01-2021,16:50:00,763.82,763.93,762.51,763.39,8098
06-01-2021,16:55:00,763.25,763.86,762.75,762.75,11474
06-01-2021,17:00:00,762.64,762.75,760.76,760.76,5393
06-01-2021,17:05:00,760.96,761.74,760.5,761.5,6252
06-01-2021,17:10:00,761.23,761.25,760.53,760.62,2615
06-01-2021,17:15:00,761.16,761.16,760.5,760.5,2652
06-01-2021,17:20:00,760.3,761,760.05,760.88,5394
06-01-2021,17:25:00,760.41,761.5,760.41,761.4,3507
06-01-2021,17:30:00,761.5,762.49,761.12,762,4923
06-01-2021,17:35:00,761.63,762.27,761.56,762,3164
06-01-2021,17:40:00,761.9,762,761.61,761.95,3178
06-01-2021,17:45:00,761.8,761.8,760.55,761.3,16128
06-01-2021,17:50:00,761,761.2,760.4,760.4,1208
06-01-2021,17:55:00,760.5,760.52,760.39,760.5,3698
06-01-2021,18:00:00,760.8,761.77,760.8,761.77,3049
06-01-2021,18:05:00,761.79,761.79,761.41,761.5,1937
06-01-2021,18:10:00,761.5,761.58,761.45,761.58,1633
06-01-2021,18:15:00,761.56,761.79,761.32,761.79,3439
06-01-2021,18:20:00,761.77,761.79,761.3,761.32,3393
06-01-2021,18:25:00,761.6,762,761.55,762,8187
06-01-2021,18:30:00,762.35,762.8,761.75,762,3506
06-01-2021,18:35:00,761.6,762,761.6,761.6,4145
06-01-2021,18:40:00,761.6,762.58,761.6,762.45,5347
06-01-2021,18:45:00,762.03,762.44,761.7,762.3,4364
06-01-2021,18:50:00,762.25,762.3,762,762.24,4799
06-01-2021,18:55:00,762.01,762.27,762.01,762.01,955
06-01-2021,19:00:00,762.07,762.25,762,762.05,5026
06-01-2021,19:05:00,762,762.15,762,762.06,4581
06-01-2021,19:10:00,762.05,762.1,761.88,761.88,5603
06-01-2021,19:15:00,762,762.25,762,762.23,4426
06-01-2021,19:20:00,762.23,762.59,762.23,762.23,2444
06-01-2021,19:25:00,762.4,763.25,762.4,763.25,10481
06-01-2021,19:30:00,762.94,762.95,762.4,762.5,6486
06-01-2021,19:35:00,762.3,763,762.3,763,9568
06-01-2021,19:40:00,763,764.07,763,763.73,25832
06-01-2021,19:45:00,763.68,763.94,763.1,763.73,8620
06-01-2021,19:50:00,763.78,764.45,763.78,764.27,15981
06-01-2021,19:55:00,764.06,764.35,763.6,763.6,48372
07-01-2021,04:00:00,769,770,767.2,768.61,1412
07-01-2021,04:05:00,769.4,779,769.4,777,10088
07-01-2021,04:10:00,776.8,777.12,774.76,774.95,7477
07-01-2021,04:15:00,774.2,777.54,774.16,777.1,3468
07-01-2021,04:20:00,777,777,776.68,776.69,2014
07-01-2021,04:25:00,777,777.99,776.39,777.85,2211
07-01-2021,04:30:00,776.7,776.7,776.58,776.58,543
07-01-2021,04:35:00,776.3,777.6,776.3,777.52,1108
07-01-2021,04:40:00,777,777.3,776.96,776.99,1136
07-01-2021,04:45:00,777,777,776.95,776.95,305
07-01-2021,04:50:00,776.61,776.61,776.61,776.61,2348
07-01-2021,04:55:00,777,778.79,777,778,3060
07-01-2021,05:00:00,777.77,779.7,777.77,779.2,3714
07-01-2021,05:05:00,779.31,779.48,779,779.48,1099
07-01-2021,05:10:00,779.7,781.3,779.7,780,4101
07-01-2021,05:15:00,779.91,780,779.91,780,1000
07-01-2021,05:20:00,779.35,779.5,779.27,779.5,664
07-01-2021,05:25:00,780.2,780.2,780.2,780.2,200
07-01-2021,05:30:00,780.2,780.2,779.99,779.99,500
07-01-2021,05:40:00,780.2,780.21,779.75,779.75,867
07-01-2021,05:45:00,779.27,779.52,779,779,733
07-01-2021,05:50:00,779,779,778.3,778.3,1200
07-01-2021,05:55:00,778.7,780,778.55,778.61,932
07-01-2021,06:00:00,778.78,779,778.5,778.98,1404
07-01-2021,06:05:00,778.5,778.5,778.3,778.3,254
07-01-2021,06:10:00,778.64,778.64,778.04,778.04,2876
07-01-2021,06:15:00,777.8,777.96,776.88,777.07,786
07-01-2021,06:20:00,777.69,777.69,777.69,777.69,100
07-01-2021,06:25:00,778,778,777.99,778,1689
07-01-2021,06:30:00,777.8,777.8,777.2,777.8,837
07-01-2021,06:35:00,778,778,778,778,660
07-01-2021,06:40:00,777.79,778,777.3,777.3,4378
07-01-2021,06:45:00,777.5,778,777.5,778,2477
07-01-2021,06:50:00,778,778,777.07,777.66,1601
07-01-2021,06:55:00,777.54,777.7,777.1,777.7,1445
07-01-2021,07:00:00,777.14,777.7,775,775.96,37973
07-01-2021,07:05:00,775.82,777.64,775.8,777.64,29364
07-01-2021,07:10:00,777.68,778.48,777.02,777.62,32736
07-01-2021,07:15:00,777.69,778.38,777.06,777.71,35867
07-01-2021,07:20:00,777.77,777.79,776.7,777.15,18574
07-01-2021,07:25:00,777.1,777.79,777.03,777.46,6479
07-01-2021,07:30:00,777.4,777.4,776.13,777.06,12092
07-01-2021,07:35:00,777.3,777.63,776.75,777.5,4909
07-01-2021,07:40:00,777.6,778.42,777.25,778.14,16478
07-01-2021,07:45:00,778.1,778.23,777.66,777.78,8380
07-01-2021,07:50:00,777.69,778.31,777.67,778.3,4268
07-01-2021,07:55:00,778.36,779,778.25,778.5,29736
07-01-2021,08:00:00,776.036,778.88,775,778.3,74019
07-01-2021,08:05:00,778.14,778.3,777.77,778.3,15812
07-01-2021,08:10:00,778.15,778.15,776.8,776.87,20446
07-01-2021,08:15:00,776.75,777.3,776.5,776.69,11476
07-01-2021,08:20:00,776.7,777.77,776.7,777.6,6499
07-01-2021,08:25:00,777.85,778,776.5,776.5,20806
07-01-2021,08:30:00,776.52,776.9,776.17,776.9,10136
07-01-2021,08:35:00,776.85,777.49,776.5,777.3,4953
07-01-2021,08:40:00,777.47,777.5,776.51,777,9071
07-01-2021,08:45:00,776.7,776.91,775.94,776,9150
07-01-2021,08:50:00,776.05,776.2,774.22,774.4,14357
07-01-2021,08:55:00,774.47,775.5,774.3,774.53,16286
07-01-2021,09:00:00,774.53,776,773.31,776,34818
07-01-2021,09:05:00,776.1,776.47,774.12,774.77,12395
07-01-2021,09:10:00,774.77,775.85,774.77,775.85,12672
07-01-2021,09:15:00,775.88,776.87,775.88,776,9118
07-01-2021,09:20:00,776,776.5,775.8,776,13070
07-01-2021,09:25:00,776.18,778.5,775.52,778.05,50972
07-01-2021,09:30:00,778,779.99,775.2,779.2,1078457
07-01-2021,09:35:00,779.28,787.99,779.28,786.44,1260843
07-01-2021,09:40:00,786.75,792.93,786.452,792.77,1248828
07-01-2021,09:45:00,792.49,792.77,785.6,786.039,918814
07-01-2021,09:50:00,786,789.86,785.01,789,630478
07-01-2021,09:55:00,789,790.93,786.02,786.57,416961
07-01-2021,10:00:00,786.9,792,785.8,791.557,527327
07-01-2021,10:05:00,791.665,794.01,790.35,791.965,678029
07-01-2021,10:10:00,792.02,792.98,787.12,788.548,516430
07-01-2021,10:15:00,788.768,789.78,786.5,787.4,371996
07-01-2021,10:20:00,787.25,792.49,787.01,792.115,478870
07-01-2021,10:25:00,792.1,792.75,788.679,788.91,305306
07-01-2021,10:30:00,788.91,795,788.81,792.92,477998
07-01-2021,10:35:00,792.925,795.94,792.53,795.565,651080
07-01-2021,10:40:00,795.58,797,794.37,795.65,571171
07-01-2021,10:45:00,795.79,798.17,795.16,797.22,601752
07-01-2021,10:50:00,797.36,799.79,796.4,799.496,614897
07-01-2021,10:55:00,799.34,801,795.5,797.24,1144051
07-01-2021,11:00:00,797.24,799.89,797.24,799.19,468825
07-01-2021,11:05:00,799.03,800.499,797.37,799.2,477441
07-01-2021,11:10:00,798.59,801.94,797.8,798.878,608403
07-01-2021,11:15:00,798.838,802.92,798.7,801.521,697158
07-01-2021,11:20:00,801.589,807.6,801.52,806.51,794610
07-01-2021,11:25:00,806.41,811.61,804.691,807.44,714345
07-01-2021,11:30:00,807.446,808.077,804.3,804.54,504354
07-01-2021,11:35:00,804.63,806,802.71,805.25,472737
07-01-2021,11:40:00,805.367,805.58,801.06,803.663,521156
07-01-2021,11:45:00,803.79,804.52,801.5,803.84,225613
07-01-2021,11:50:00,803.84,804.99,801.28,801.74,258344
07-01-2021,11:55:00,801.88,802.46,797.73,798.306,427027
07-01-2021,12:00:00,798.47,802.796,798.28,802.79,359796
07-01-2021,12:05:00,802.696,802.8,799,800.54,253910
07-01-2021,12:10:00,800.52,802.47,799.22,799.593,208942
07-01-2021,12:15:00,799.48,801.99,798.82,800.025,231616
07-01-2021,12:20:00,799.939,801.99,799.5,801.52,190463
07-01-2021,12:25:00,801.42,801.48,799,799.812,165391
07-01-2021,12:30:00,800.09,801.64,799.18,801.64,158848
07-01-2021,12:35:00,801.56,801.56,798.85,799.845,230091
07-01-2021,12:40:00,800,800.74,798,798.71,303934
07-01-2021,12:45:00,798.814,800.9,798.814,799.5,189703
07-01-2021,12:50:00,799.55,800.46,798.73,799.95,190886
07-01-2021,12:55:00,799.82,800,798.8,798.9,109444
07-01-2021,13:00:00,798.98,800.71,798.98,799.74,192259
07-01-2021,13:05:00,799.642,799.814,795.31,795.88,370084
07-01-2021,13:10:00,795.77,798.6,795.62,798.6,224684
07-01-2021,13:15:00,798.615,800.54,798.19,799.71,231736
07-01-2021,13:20:00,799.574,799.99,798.806,799.78,112015
07-01-2021,13:25:00,799.775,800.42,799,799.56,141960
07-01-2021,13:30:00,799.705,805,799.46,804.781,393034
07-01-2021,13:35:00,804.797,805.7,802.6,803.6,313566
07-01-2021,13:40:00,803.556,804.75,803.4,803.76,124896
07-01-2021,13:45:00,803.72,804.25,801.21,801.896,161806
07-01-2021,13:50:00,801.833,803.75,801.21,803.66,187240
07-01-2021,13:55:00,803.617,805.58,803.31,805.33,258596
07-01-2021,14:00:00,805.39,805.99,804.4,805.95,235141
07-01-2021,14:05:00,805.91,808.33,805.27,805.56,392851
07-01-2021,14:10:00,805.6,806.7,804.7,806.172,232856
07-01-2021,14:15:00,806.32,807.75,806.06,807.13,244710
07-01-2021,14:20:00,807.1,810,806.5,808.9,444206
07-01-2021,14:25:00,808.889,809.78,808.32,809.729,282276
07-01-2021,14:30:00,809.78,812.79,808.81,811.113,545228
07-01-2021,14:35:00,811.192,811.515,809.35,809.89,293792
07-01-2021,14:40:00,809.76,810.23,808.54,809.55,205627
07-01-2021,14:45:00,809.492,809.9,807.9,809.1,221704
07-01-2021,14:50:00,809.1,809.357,806.88,807.932,204106
07-01-2021,14:55:00,807.893,808.47,806.42,806.643,162552
07-01-2021,15:00:00,806.75,811,806.2,810.728,416719
07-01-2021,15:05:00,810.59,812.18,810.34,810.43,400121
07-01-2021,15:10:00,810.48,811,807.5,809.19,336997
07-01-2021,15:15:00,809.19,811.54,808.89,809.9,265582
07-01-2021,15:20:00,809.86,811,809.31,810.75,183421
07-01-2021,15:25:00,810.86,811.73,810.01,811.58,228447
07-01-2021,15:30:00,811.6,811.99,810.9,811.8,244198
07-01-2021,15:35:00,811.71,812.22,810.34,810.98,250347
07-01-2021,15:40:00,811,811.6,810.08,810.375,215611
07-01-2021,15:45:00,810.495,811.5,809.59,811.38,277520
07-01-2021,15:50:00,811.16,816.99,811.15,815.905,752889
07-01-2021,15:55:00,815.841,816.91,815.37,816.24,664024
07-01-2021,16:00:00,816.3,817.5,815.99,817.2,737110
07-01-2021,16:05:00,817.22,822.06,816.9,819.59,90701
07-01-2021,16:10:00,819.57,822.8,818.2,821.8,60931
07-01-2021,16:15:00,821.5,823,821.12,821.47,33863
07-01-2021,16:20:00,821.89,824.98,821.55,823.86,64892
07-01-2021,16:25:00,823.51,827.8,823.51,827.45,93302
07-01-2021,16:30:00,827.45,827.54,816.04,825.4,82802
07-01-2021,16:35:00,825.5,826.5,823.86,823.86,24318
07-01-2021,16:40:00,823.85,826.4,823.52,826.3,25115
07-01-2021,16:45:00,826.3,826.48,824.3,825.62,36448
07-01-2021,16:50:00,825.79,826.29,825,825.83,14271
07-01-2021,16:55:00,825.91,829.45,825.62,829.45,61809
07-01-2021,17:00:00,829.4,830.92,828.95,829.55,61361
07-01-2021,17:05:00,829.55,830,828.2,829,42669
07-01-2021,17:10:00,828.88,832.98,828.8,831.05,62659
07-01-2021,17:15:00,831.07,834.24,816.04,833.5,120533
07-01-2021,17:20:00,833.3,834.56,832.63,834,76382
07-01-2021,17:25:00,834.22,834.72,832.75,833.32,37906
07-01-2021,17:30:00,833.2,833.2,830.61,831,34357
07-01-2021,17:35:00,830.61,832.5,830.41,832.38,14861
07-01-2021,17:40:00,832.29,832.75,831.7,832.02,16145
07-01-2021,17:45:00,832,833.9,832,833.9,22938
07-01-2021,17:50:00,833.9,834.38,833.12,833.9,21078
07-01-2021,17:55:00,833.9,834,832,833,22958
07-01-2021,18:00:00,832.4,832.4,831,831,26220
07-01-2021,18:05:00,831,832.11,830.75,831.8,21534
07-01-2021,18:10:00,831.8,832.14,831,831.18,17250
07-01-2021,18:15:00,831.14,833.01,831.08,832,23009
07-01-2021,18:20:00,832.11,832.11,831.21,831.4,7447
07-01-2021,18:25:00,831.71,832.88,831.71,832.3,6818
07-01-2021,18:30:00,832.5,832.5,831.1,831.21,8613
07-01-2021,18:35:00,831.4,831.86,830.6,831.5,10397
07-01-2021,18:40:00,831.5,831.51,830.25,830.32,9478
07-01-2021,18:45:00,830.31,831,830.13,830.14,10445
07-01-2021,18:50:00,830.13,830.49,829.02,829.59,28474
07-01-2021,18:55:00,829.28,830.47,829.17,830.36,10094
07-01-2021,19:00:00,830.59,831.5,830.59,831.13,13713
07-01-2021,19:05:00,831,831,830.18,830.99,9762
07-01-2021,19:10:00,830.99,831,830.5,830.75,3323
07-01-2021,19:15:00,830.7,830.7,830.4,830.49,2463
07-01-2021,19:20:00,830.54,830.72,830.36,830.36,1042
07-01-2021,19:25:00,830.31,830.7,830.31,830.7,3323
07-01-2021,19:30:00,830.7,830.7,830.52,830.6,4517
07-01-2021,19:35:00,830.7,830.7,830.31,830.31,7110
07-01-2021,19:40:00,830.55,831,830.4,831,10104
07-01-2021,19:45:00,830.81,831.87,830.75,831.78,9895
07-01-2021,19:50:00,831.85,831.95,830.6,831,13774
07-01-2021,19:55:00,830.88,830.95,828.82,829.5,29632
08-01-2021,04:00:00,845,849.09,845,848,23368
08-01-2021,04:05:00,847.98,848.06,845.01,845.01,7222
08-01-2021,04:10:00,845.05,845.05,842,842.01,6572
08-01-2021,04:15:00,842.7,846.76,842.7,846.45,4399
08-01-2021,04:20:00,846.45,846.45,843.31,846,2225
08-01-2021,04:25:00,845.56,845.56,843.52,844.3,3861
08-01-2021,04:30:00,844.3,844.79,844,844.79,2398
08-01-2021,04:35:00,844.98,847.03,844.98,846.22,3497
08-01-2021,04:40:00,846.59,846.88,846.59,846.88,353
08-01-2021,04:45:00,847.87,848.5,847.87,848.5,1443
08-01-2021,04:50:00,848.7,848.7,845,845.25,3140
08-01-2021,04:55:00,845.2,846.88,845.2,846.88,1173
08-01-2021,05:00:00,847,847,844,845.16,10060
08-01-2021,05:05:00,846.76,846.76,846.76,846.76,100
08-01-2021,05:10:00,846.8,847,846.8,847,1059
08-01-2021,05:15:00,847.49,847.49,846.9,847,1080
08-01-2021,05:20:00,847,849.85,847,849,3493
08-01-2021,05:25:00,849,851.83,848.87,851.53,6169
08-01-2021,05:30:00,851.15,851.39,849,849,3852
08-01-2021,05:35:00,849,849,848.01,848.01,1508
08-01-2021,05:40:00,848.12,849,848,848,4789
08-01-2021,05:45:00,848.14,848.14,848.02,848.1,334
08-01-2021,05:50:00,848.25,848.25,846.51,846.51,2569
08-01-2021,05:55:00,846.51,847.5,846.51,847.01,2431
08-01-2021,06:00:00,847.44,847.7,847,847,5173
08-01-2021,06:05:00,847.12,847.12,845,845.01,4001
08-01-2021,06:10:00,845.02,846,844,846,2011
08-01-2021,06:20:00,845.52,846,845,845.04,2631
08-01-2021,06:25:00,845.1,849.75,845,848.02,6733
08-01-2021,06:30:00,848.8,848.8,848,848.4,592
08-01-2021,06:35:00,848.8,849.41,847.7,847.7,5735
08-01-2021,06:40:00,847.75,848,847.25,847.99,2135
08-01-2021,06:45:00,847.89,847.89,845.37,845.37,1886
08-01-2021,06:50:00,846.1,846.1,845.5,845.5,4320
08-01-2021,06:55:00,845.91,845.91,844,844.5,5903
08-01-2021,07:00:00,844.8,848.68,841.08,843.5,111267
08-01-2021,07:05:00,844.11,844.81,841.51,844.65,40144
08-01-2021,07:10:00,844.35,844.96,842.85,843.83,35696
08-01-2021,07:15:00,843.93,846,843,846,28332
08-01-2021,07:20:00,846,848.49,844.6,844.9,60700
08-01-2021,07:25:00,844.64,846.12,844.63,845.75,20971
08-01-2021,07:30:00,845.8,848.5,845.8,847.33,54624
08-01-2021,07:35:00,847.11,848,846.21,848,23958
08-01-2021,07:40:00,848.05,849,847,848.8,34884
08-01-2021,07:45:00,848.6,849.5,848.48,849.21,20526
08-01-2021,07:50:00,849.21,853.57,849.21,853.55,72189
08-01-2021,07:55:00,853.5,854.44,852.9,853,60599
08-01-2021,08:00:00,852.81,854.44,841.09,852.58,175451
08-01-2021,08:05:00,852.71,854.48,852.5,854.43,41274
08-01-2021,08:10:00,854.28,857.07,854.28,856,93075
08-01-2021,08:15:00,856.3,856.75,854.17,855.4,66976
08-01-2021,08:20:00,855.06,855.5,853.72,855.4,63591
08-01-2021,08:25:00,855.36,855.88,855,855.4,30595
08-01-2021,08:30:00,855.41,855.45,853,853,51939
08-01-2021,08:35:00,853.28,853.43,851.51,852.5,64617
08-01-2021,08:40:00,852.5,854.9,852.5,853.65,53942
08-01-2021,08:45:00,853.6,854.5,853.51,854,14437
08-01-2021,08:50:00,854.1,854.2,852,852,40569
08-01-2021,08:55:00,852.29,853.5,851.67,853.5,31900
08-01-2021,09:00:00,853.3,854.5,851.11,853.89,42527
08-01-2021,09:05:00,853.14,853.69,852.54,853.4,9853
08-01-2021,09:10:00,853.5,855.29,853.36,854,38222
08-01-2021,09:15:00,854,855.23,853.65,855,22118
08-01-2021,09:20:00,854.58,854.98,853.12,853.43,22781
08-01-2021,09:25:00,853.053,859.25,853,856,122596
08-01-2021,09:30:00,856,856.42,843.77,849.55,2232415
08-01-2021,09:35:00,849.86,854.35,838.57,838.885,1304270
08-01-2021,09:40:00,838.95,851,838.39,847.93,1091129
08-01-2021,09:45:00,847.98,848.99,841.5,846.46,712631
08-01-2021,09:50:00,846.325,852.83,845.38,850.11,929198
08-01-2021,09:55:00,850.01,854.96,846.5,852.03,835788
08-01-2021,10:00:00,851.88,864.12,851.88,864.022,1361740
08-01-2021,10:05:00,863.64,866.23,859.99,860.13,1025688
08-01-2021,10:10:00,860.13,867.88,859.98,866.885,908953
08-01-2021,10:15:00,866.805,875.38,866.25,874.295,1354573
08-01-2021,10:20:00,874.13,874.68,866.779,869.42,1138027
08-01-2021,10:25:00,869.36,871.66,856.21,859.34,1183347
08-01-2021,10:30:00,859.31,866,858.27,862.731,899596
08-01-2021,10:35:00,863,866.76,857,865.75,930931
08-01-2021,10:40:00,865.37,872.48,865.37,870.61,827547
08-01-2021,10:45:00,870.61,874.8,869.01,872.74,813874
08-01-2021,10:50:00,872.855,873.4,868.63,871.68,451612
08-01-2021,10:55:00,871.575,879,871.575,877.92,1094468
08-01-2021,11:00:00,877.98,880,873.3,879.71,782606
08-01-2021,11:05:00,879.526,884.49,877.7,883.99,890509
08-01-2021,11:10:00,883.965,884.479,879.26,881.52,597970
08-01-2021,11:15:00,881.255,882.365,875.73,877.173,573805
08-01-2021,11:20:00,877.02,882.97,876.89,881.842,464128
08-01-2021,11:25:00,881.77,883.31,877.98,882.45,499149
08-01-2021,11:30:00,882.49,883.89,877.14,879,479467
08-01-2021,11:35:00,879.101,882.33,879.101,880.23,331491
08-01-2021,11:40:00,880.278,881.378,877.11,878.895,437669
08-01-2021,11:45:00,879.14,879.874,871,875.06,792403
08-01-2021,11:50:00,874.84,876.4,871.8,875.784,438497
08-01-2021,11:55:00,875.8,877,871.68,873.95,314086
08-01-2021,12:00:00,874,874.41,869.04,869.791,475003
08-01-2021,12:05:00,869.816,877.66,869.52,876.734,546734
08-01-2021,12:10:00,876.64,879.41,876.05,878.91,327012
08-01-2021,12:15:00,878.94,879.488,877.2,879,272162
08-01-2021,12:20:00,878.872,879.44,876.5,877.976,290805
08-01-2021,12:25:00,877.946,879.463,877.23,879.12,266441
08-01-2021,12:30:00,879.047,879.047,877,877.89,152484
08-01-2021,12:35:00,878.03,883.67,878.03,881.802,628045
08-01-2021,12:40:00,881.72,882.84,880.19,882.553,347855
08-01-2021,12:45:00,882.35,882.35,875.05,877.841,487497
08-01-2021,12:50:00,877.75,879.38,877.631,878.236,211961
08-01-2021,12:55:00,878.443,879,876.05,877.16,169817
08-01-2021,13:00:00,877.25,877.3,873,873.629,329546
08-01-2021,13:05:00,873.758,876.735,872.9,876.55,280854
08-01-2021,13:10:00,876.58,876.93,874.4,875.135,181515
08-01-2021,13:15:00,875.02,875.405,871.21,872.53,342554
08-01-2021,13:20:00,872.507,872.64,861.11,864.835,790507
08-01-2021,13:25:00,864.901,870.68,864.805,869.224,544797
08-01-2021,13:30:00,868.838,869.39,860.11,860.345,448881
08-01-2021,13:35:00,860.392,862.701,853.56,859.355,1016344
08-01-2021,13:40:00,859.29,859.44,847.18,857.07,1030085
08-01-2021,13:45:00,857.23,862.78,856,861.4,714241
08-01-2021,13:50:00,861.39,866.8,861.189,864.94,658785
08-01-2021,13:55:00,864.767,867.45,863.61,865.325,385842
08-01-2021,14:00:00,865.4,872.5,865.315,867.654,615888
08-01-2021,14:05:00,868.05,868.49,862.1,863.152,425923
08-01-2021,14:10:00,863.04,866.15,857.3,857.586,449749
08-01-2021,14:15:00,857.506,859.83,855.21,856.37,401995
08-01-2021,14:20:00,856.85,859,853.4,857.77,479162
08-01-2021,14:25:00,857.76,862,855.38,861.64,366507
08-01-2021,14:30:00,861.58,861.79,858.16,859.3,239397
08-01-2021,14:35:00,859.15,860.5,854.97,858.624,299628
08-01-2021,14:40:00,858.91,860.337,854.9,858.308,242541
08-01-2021,14:45:00,858.284,864.03,857.19,862.611,373508
08-01-2021,14:50:00,862.85,866.13,862.61,863.928,403647
08-01-2021,14:55:00,863.718,867.59,863.36,865.96,349303
08-01-2021,15:00:00,865.85,868.8,865.054,865.11,351261
08-01-2021,15:05:00,865.06,871.507,864.55,871.355,468534
08-01-2021,15:10:00,871.385,871.52,867.89,869.75,307332
08-01-2021,15:15:00,869.76,870,865.68,866.962,281783
08-01-2021,15:20:00,866.95,867.47,863.5,864.29,273700
08-01-2021,15:25:00,864.07,867.35,861.49,867.3,334000
08-01-2021,15:30:00,867.2,875.79,866.305,875.653,662637
08-01-2021,15:35:00,875.698,876.4,872.5,874.73,490957
08-01-2021,15:40:00,874.47,875.33,871.45,872.591,317553
08-01-2021,15:45:00,872.52,877.5,872.51,874.21,583196
08-01-2021,15:50:00,874.38,882,873,881.72,882996
08-01-2021,15:55:00,881.725,884,879.1,880.03,1218637
08-01-2021,16:00:00,880.04,884.89,848.233,880.54,596269
08-01-2021,16:05:00,880.01,881.5,866.625,880.79,237239
08-01-2021,16:10:00,881,881.57,877,880.1,67768
08-01-2021,16:15:00,880,880.37,879.28,880.15,25937
08-01-2021,16:20:00,880.29,881.5,879.6,880.5,53787
08-01-2021,16:25:00,880.5,880.82,879.95,880.31,12927
08-01-2021,16:30:00,880.31,881.26,880,880.25,13669
08-01-2021,16:35:00,880.37,880.46,880.09,880.09,22606
08-01-2021,16:40:00,880.2,880.3,879.06,879.61,22599
08-01-2021,16:45:00,879.67,880.3,879.5,879.89,12776
08-01-2021,16:50:00,879.65,880,879.62,879.99,4425
08-01-2021,16:55:00,879.98,880,879.74,879.8,4482
08-01-2021,17:00:00,879.93,879.98,879.75,879.91,3999
08-01-2021,17:05:00,879.93,879.96,879.85,879.9,2408
08-01-2021,17:10:00,879.84,879.98,879.65,879.8,4159
08-01-2021,17:15:00,879.97,880,879.83,880,4372
08-01-2021,17:20:00,879.99,880.7,879.91,880.25,11173
08-01-2021,17:25:00,880.15,880.58,880.15,880.28,2874
08-01-2021,17:30:00,880.28,880.4,879.6,879.8,5142
08-01-2021,17:35:00,879.8,879.8,878.52,878.64,13083
08-01-2021,17:40:00,878.65,879.47,878.1,879.47,8459
08-01-2021,17:45:00,878.83,879.46,878.83,879.3,1642
08-01-2021,17:50:00,879.39,879.4,879.01,879.04,1078
08-01-2021,17:55:00,879.39,879.7,879.01,879.65,3557
08-01-2021,18:00:00,879.67,879.76,879.51,879.55,5478
08-01-2021,18:05:00,879.68,879.68,879.5,879.5,330
08-01-2021,18:10:00,879.55,879.6,879.19,879.19,10436
08-01-2021,18:15:00,879,879,878.2,878.35,4858
08-01-2021,18:20:00,878.41,878.41,877.61,878,3245
08-01-2021,18:25:00,877.55,877.85,877.2,877.2,2757
08-01-2021,18:30:00,877.54,877.7,876,876.4,5135
08-01-2021,18:35:00,876.54,876.55,872.14,872.9,19415
08-01-2021,18:40:00,873,874.29,872,872.57,13985
08-01-2021,18:45:00,872.85,872.9,870,871,17093
08-01-2021,18:50:00,871.27,871.5,869.35,869.35,14769
08-01-2021,18:55:00,869.11,869.5,866.8,868.9,23680
08-01-2021,19:00:00,868.31,868.9,866,866.7,9783
08-01-2021,19:05:00,866.24,870.64,865.5,870,21479
08-01-2021,19:10:00,870,872.25,869.5,871.78,14223
08-01-2021,19:15:00,871,871,866.69,867.89,24265
08-01-2021,19:20:00,867.51,868,866.5,866.76,5015
08-01-2021,19:25:00,866.9,869.5,866.9,868,6633
08-01-2021,19:30:00,867.51,868,867,868,8618
08-01-2021,19:35:00,868,869.4,867.58,869,11133
08-01-2021,19:40:00,869.1,869.1,867.77,868.03,3437
08-01-2021,19:45:00,868.49,868.5,867.15,867.69,6001
08-01-2021,19:50:00,867.5,867.69,866.63,867,11664
08-01-2021,19:55:00,867,868,866.98,867.5,37752
11-01-2021,04:00:00,866.38,867,860,865.5,9725
11-01-2021,04:05:00,865,865.5,861.49,863.89,9308
11-01-2021,04:10:00,864.32,865,857.1,858.7,9066
11-01-2021,04:15:00,858.74,860.3,853.12,853.12,22331
11-01-2021,04:20:00,853.45,854.51,851.5,852.41,16083
11-01-2021,04:25:00,853,857,853,857,6606
11-01-2021,04:30:00,856.53,857.65,854.75,855.61,7429
11-01-2021,04:35:00,855.92,857,855.2,855.21,2237
11-01-2021,04:40:00,855.2,855.57,853.21,853.21,1340
11-01-2021,04:45:00,853.06,853.42,852.98,853.42,400
11-01-2021,04:50:00,853.25,854.94,853.25,854.94,2894
11-01-2021,04:55:00,854.67,854.67,854.55,854.55,328
11-01-2021,05:00:00,855.4,855.4,854.55,854.55,409
11-01-2021,05:05:00,854.9,855.69,854.9,855.55,848
11-01-2021,05:10:00,855.8,856.7,855.8,856.51,2944
11-01-2021,05:15:00,856.9,861.21,856.9,861.15,16657
11-01-2021,05:20:00,861.63,861.63,859.5,859.5,6416
11-01-2021,05:25:00,859.5,861.5,858.9,859.01,13818
11-01-2021,05:30:00,860.99,864.49,860.99,863.48,4324
11-01-2021,05:35:00,863.57,864.69,860,860,14670
11-01-2021,05:40:00,860.8,862.7,860,860.19,8669
11-01-2021,05:45:00,861.78,861.78,861.78,861.78,100
11-01-2021,05:50:00,862,864.8,860.78,862,2923
11-01-2021,05:55:00,862,863,862,862.45,1826
11-01-2021,06:00:00,861.91,862.45,861.91,862.45,1441
11-01-2021,06:05:00,863.38,863.38,863,863,300
11-01-2021,06:10:00,862.45,862.45,859.99,860.31,6556
11-01-2021,06:15:00,860,860,858,858,1350
11-01-2021,06:20:00,857.03,859,856.99,859,2239
11-01-2021,06:25:00,858.78,859,857.84,859,1441
11-01-2021,06:30:00,859.12,860.88,859.12,860.38,1174
11-01-2021,06:35:00,858,858,856.99,856.99,2453
11-01-2021,06:40:00,857.36,859.84,857.1,859.84,2091
11-01-2021,06:45:00,858.99,860,858,858.02,1763
11-01-2021,06:50:00,858.09,859.5,857,857,2983
11-01-2021,06:55:00,857.99,861.22,857.99,861.22,1609
11-01-2021,07:00:00,860,865,853.6,854.11,85303
11-01-2021,07:05:00,854.06,856.89,852.17,856.5,39019
11-01-2021,07:10:00,856,857.77,855.41,856,17905
11-01-2021,07:15:00,855.76,857.82,853,853.52,22984
11-01-2021,07:20:00,853.51,854.5,852.15,854.4,21859
11-01-2021,07:25:00,854.51,854.72,853.5,854.68,11734
11-01-2021,07:30:00,854.8,857,854.8,856.5,14833
11-01-2021,07:35:00,856.1,860,856.1,859.89,14170
11-01-2021,07:40:00,859.77,863.44,859.21,861.05,23827
11-01-2021,07:45:00,861.6,862.26,859.77,861.48,12699
11-01-2021,07:50:00,861.19,861.5,860.45,861,6229
11-01-2021,07:55:00,861.25,863.5,860,863.24,12440
11-01-2021,08:00:00,858.008,863.42,852.01,862.88,51062
11-01-2021,08:05:00,862.75,866.7,862,865.9,52394
11-01-2021,08:10:00,865.78,869.49,865.5,867.5,83596
11-01-2021,08:15:00,867.52,869.2,866.5,868.9,33461
11-01-2021,08:20:00,869,869.2,866.5,867.21,60104
11-01-2021,08:25:00,867.9,870,867.38,869.94,49013
11-01-2021,08:30:00,869.7,870.5,865.2,866,65670
11-01-2021,08:35:00,866,866.86,865,866.1,21447
11-01-2021,08:40:00,866.25,866.25,863.57,864.02,27493
11-01-2021,08:45:00,864.2,866.79,864,865.05,21258
11-01-2021,08:50:00,865,866.03,864.7,865.65,10158
11-01-2021,08:55:00,865.55,865.55,862,862.2,39724
11-01-2021,09:00:00,862.26,863,861,861.51,41663
11-01-2021,09:05:00,861.99,862,857.6,861.1,71109
11-01-2021,09:10:00,861.21,861.95,857.22,857.52,32374
11-01-2021,09:15:00,857.22,860,856,857.99,43253
11-01-2021,09:20:00,857.27,858,853.95,854.5,62048
11-01-2021,09:25:00,854.58,857.97,849.11,849.65,120417
11-01-2021,09:30:00,849.7,853.23,836.89,847.304,2255428
11-01-2021,09:35:00,847.727,850.26,831.25,839.177,1450109
11-01-2021,09:40:00,839.48,841.05,831.27,833.13,985597
11-01-2021,09:45:00,832.85,836,826,826.19,1246511
11-01-2021,09:50:00,826.03,828.38,817,826.09,1436887
11-01-2021,09:55:00,826.615,839.25,826.207,838.99,1200742
11-01-2021,10:00:00,838.93,841.98,834.54,838.44,1093699
11-01-2021,10:05:00,838.43,846,836.2,844.535,879944
11-01-2021,10:10:00,844.525,845.858,840.55,844,529046
11-01-2021,10:15:00,843.76,854.43,843.42,851.404,909387
11-01-2021,10:20:00,851.449,853,847.29,847.995,656106
11-01-2021,10:25:00,848.18,850.42,843.03,847.79,619124
11-01-2021,10:30:00,847.715,849.819,845,848.6,319164
11-01-2021,10:35:00,848.51,851.37,847.64,849.04,419177
11-01-2021,10:40:00,849.11,851,843.95,845.11,417110
11-01-2021,10:45:00,844.96,847,837.62,838.3,582728
11-01-2021,10:50:00,838.23,841.84,837.075,838.52,382209
11-01-2021,10:55:00,838.57,845.8,838.341,843.835,387911
11-01-2021,11:00:00,843.66,844.247,835.6,836.11,379066
11-01-2021,11:05:00,835.875,839.9,835.779,837.931,280730
11-01-2021,11:10:00,838.23,838.99,834.821,835.01,338171
11-01-2021,11:15:00,835.06,837.3,833.39,836.207,458913
11-01-2021,11:20:00,836.11,841.78,836.05,841.49,368758
11-01-2021,11:25:00,841.23,844.33,839,839.558,359111
11-01-2021,11:30:00,839.52,840,835.9,836.78,265695
11-01-2021,11:35:00,836.9,840.5,836.89,839.628,205540
11-01-2021,11:40:00,839.818,839.818,834.32,835.522,232373
11-01-2021,11:45:00,835.81,839.5,835.33,838.71,218068
11-01-2021,11:50:00,838.701,839.99,836.56,837.55,172692
11-01-2021,11:55:00,837.55,839.16,836.74,838.099,127861
11-01-2021,12:00:00,837.992,843.33,837.989,841.931,399701
11-01-2021,12:05:00,841.894,843.82,839.612,840.552,256153
11-01-2021,12:10:00,840.26,841.82,839,839.452,175352
11-01-2021,12:15:00,839.64,840.196,838.28,838.845,129644
11-01-2021,12:20:00,838.88,839,836.8,836.8,177989
11-01-2021,12:25:00,836.824,836.99,835.01,836.095,214109
11-01-2021,12:30:00,836.107,837.887,835,836,268759
11-01-2021,12:35:00,836,837.67,835.12,835.357,233307
11-01-2021,12:40:00,835.509,837.57,834.38,836.337,296143
11-01-2021,12:45:00,836.41,839.98,836.06,838.747,266604
11-01-2021,12:50:00,838.735,839,838,838.36,125560
11-01-2021,12:55:00,838.42,838.7,835.25,836.44,180128
11-01-2021,13:00:00,836.416,837.37,831.3,833.21,354668
11-01-2021,13:05:00,833.2,834,832.57,833.36,211255
11-01-2021,13:10:00,833.23,836.17,832.183,835.29,257016
11-01-2021,13:15:00,835.26,836.87,834.01,834.014,160668
11-01-2021,13:20:00,834.12,834.24,831.75,832.04,205434
11-01-2021,13:25:00,831.86,832.638,828,828.601,460734
11-01-2021,13:30:00,828.5,829.8,827,829.604,335897
11-01-2021,13:35:00,829.687,831.2,828.73,829.11,255206
11-01-2021,13:40:00,829.29,829.29,825.25,827.5,348938
11-01-2021,13:45:00,827.47,827.77,824.2,824.62,366725
11-01-2021,13:50:00,824.55,831,824.29,830.74,423880
11-01-2021,13:55:00,830.72,831.43,828.38,829.635,293392
11-01-2021,14:00:00,829.675,830.586,827.53,830,230310
11-01-2021,14:05:00,829.81,832.358,825,825.49,343038
11-01-2021,14:10:00,825.465,826.881,823.4,825.55,294979
11-01-2021,14:15:00,825.495,826.32,819,819.175,628513
11-01-2021,14:20:00,819.33,825.598,819.33,824.752,471829
11-01-2021,14:25:00,824.744,826.18,820.597,821.438,295727
11-01-2021,14:30:00,821.35,824.33,820.52,823.25,283215
11-01-2021,14:35:00,823.33,823.91,821.23,821.9,205910
11-01-2021,14:40:00,821.925,828.4,821.68,826.76,390477
11-01-2021,14:45:00,826.8,828.74,825.43,825.8,329434
11-01-2021,14:50:00,825.62,825.77,821.8,823.549,351098
11-01-2021,14:55:00,823.535,824.85,821.59,822.55,200825
11-01-2021,15:00:00,822.425,822.987,816,818.165,495651
11-01-2021,15:05:00,818.16,821.95,817.41,818.83,337100
11-01-2021,15:10:00,818.83,819.92,815,815.91,451267
11-01-2021,15:15:00,816.14,818.63,811.023,811.61,549666
11-01-2021,15:20:00,811.642,813.36,806.6,809.22,846585
11-01-2021,15:25:00,809.476,813.5,805.05,806.48,662279
11-01-2021,15:30:00,806.64,812.77,803.622,812.077,734219
11-01-2021,15:35:00,812.08,814,807.915,808.1,502478
11-01-2021,15:40:00,808.21,811.98,807.27,809.43,399590
11-01-2021,15:45:00,809.43,816.614,809.2,814.31,535070
11-01-2021,15:50:00,814.56,819,814.26,816.74,521681
11-01-2021,15:55:00,816.5,816.72,808.52,811.18,768648
11-01-2021,16:00:00,811.19,811.84,808.01,809.85,1006911
11-01-2021,16:05:00,810.25,812,809.74,811.32,26024
11-01-2021,16:10:00,811.47,818.07,810.5,818.01,48600
11-01-2021,16:15:00,817.83,817.98,813.51,815,23629
11-01-2021,16:20:00,814.7,816,812.5,812.8,11981
11-01-2021,16:25:00,813,813.18,811,812.88,15545
11-01-2021,16:30:00,812.88,812.88,809,809.78,23491
11-01-2021,16:35:00,809.55,811.19,808,809.5,12603
11-01-2021,16:40:00,809.01,809.31,808,808.89,8386
11-01-2021,16:45:00,808.88,809.48,808.28,808.8,5286
11-01-2021,16:50:00,809.5,810.96,809.2,810.84,5052
11-01-2021,16:55:00,810.98,811.5,810.71,811.38,4948
11-01-2021,17:00:00,811.33,811.33,810,810,7148
11-01-2021,17:05:00,809.25,809.83,809.1,809.35,1878
11-01-2021,17:10:00,809.1,810,809.1,810,4369
11-01-2021,17:15:00,809.84,810.99,809.1,810.5,3047
11-01-2021,17:20:00,810.48,811,810.05,810.44,4721
11-01-2021,17:25:00,810.63,810.99,810.5,810.5,1220
11-01-2021,17:30:00,810.1,811,810.1,811,4309
11-01-2021,17:35:00,811,814,811,812.35,6381
11-01-2021,17:40:00,812.75,816,812.51,815.5,19044
11-01-2021,17:45:00,815.25,818.9,815.25,818.5,17653
11-01-2021,17:50:00,818.85,819.3,816,817.23,13957
11-01-2021,17:55:00,817.01,818,816.7,817.05,12072
11-01-2021,18:00:00,817,817.07,815.27,815.5,10787
11-01-2021,18:05:00,815.6,816.1,815.36,815.6,2557
11-01-2021,18:10:00,815.34,816.89,815.32,815.4,5999
11-01-2021,18:15:00,815.52,816.2,815.2,815.79,4197
11-01-2021,18:20:00,815.88,816.5,815.59,816.5,9993
11-01-2021,18:25:00,816.5,816.75,816.2,816.64,5316
11-01-2021,18:30:00,816.59,817.5,816.59,817.2,9531
11-01-2021,18:35:00,817.2,818,817,817.95,6125
11-01-2021,18:40:00,817.98,818.4,817.05,817.3,6218
11-01-2021,18:45:00,817.15,818,817.15,817.5,5833
11-01-2021,18:50:00,817.41,817.85,817.15,817.66,5376
11-01-2021,18:55:00,817.73,818.5,817.41,818.5,16704
11-01-2021,19:00:00,818.17,818.2,817.3,817.62,12426
11-01-2021,19:05:00,817.94,817.97,815.8,815.8,8571
11-01-2021,19:10:00,815.76,816.75,815.76,816.75,2177
11-01-2021,19:15:00,816.16,817.5,816,817.5,5788
11-01-2021,19:20:00,817.34,817.8,817,817,12101
11-01-2021,19:25:00,817.39,817.95,817.01,817.95,3335
11-01-2021,19:30:00,817.6,818,817.5,817.7,3044
11-01-2021,19:35:00,817.8,817.8,817,817.7,4979
11-01-2021,19:40:00,817.79,817.93,817.02,817.02,5668
11-01-2021,19:45:00,817.07,817.25,816.08,816.22,3752
11-01-2021,19:50:00,816.22,816.99,816.22,816.36,8367
11-01-2021,19:55:00,816.5,818.5,816.02,818.5,25535
12-01-2021,04:00:00,822,829.98,822,828.45,6667
12-01-2021,04:05:00,828.15,832,826.21,831.89,4765
12-01-2021,04:10:00,830.7,833.69,830,832.22,2805
12-01-2021,04:15:00,831.55,833,831.04,832.35,3073
12-01-2021,04:20:00,832.8,835.95,832.8,834.49,5960
12-01-2021,04:25:00,835,836.93,833.31,833.5,3725
12-01-2021,04:30:00,833.35,834.84,833,833,2450
12-01-2021,04:35:00,832.97,833.5,832.35,832.95,959
12-01-2021,04:40:00,832.38,832.5,831.52,832.5,837
12-01-2021,04:45:00,832.5,833,832.49,832.97,1251
12-01-2021,04:50:00,832.96,832.96,832.96,832.96,294
12-01-2021,04:55:00,833,833,832.95,832.95,200
12-01-2021,05:00:00,832.7,833.98,832,833.5,1497
12-01-2021,05:05:00,834.8,834.8,834.4,834.4,200
12-01-2021,05:10:00,834.75,836,834.75,835,1391
12-01-2021,05:15:00,835,835,835,835,593
12-01-2021,05:25:00,834.89,835,834.89,835,782
12-01-2021,05:30:00,835,835,835,835,758
12-01-2021,05:35:00,834.5,834.5,833.4,833.5,521
12-01-2021,05:40:00,833.92,833.92,833.8,833.8,200
12-01-2021,05:45:00,833.49,833.49,833,833,223
12-01-2021,05:50:00,832.03,832.03,831.75,831.75,289
12-01-2021,05:55:00,830.31,830.75,830.31,830.31,700
12-01-2021,06:00:00,830.53,830.53,830,830,5836
12-01-2021,06:05:00,830.06,830.31,829.99,830.31,1225
12-01-2021,06:10:00,830.32,831.89,830.32,831.89,299
12-01-2021,06:15:00,830.5,830.5,828.75,829.14,2977
12-01-2021,06:20:00,829.14,829.14,828.23,828.74,1350
12-01-2021,06:25:00,828.71,829.01,828.71,829,425
12-01-2021,06:30:00,829.23,829.23,826.5,826.5,1133
12-01-2021,06:35:00,827.02,827.55,826.2,826.5,2025
12-01-2021,06:40:00,826,826.59,825.46,825.46,861
12-01-2021,06:45:00,826.28,826.98,826.28,826.98,415
12-01-2021,06:50:00,827.03,827.03,826.31,826.31,380
12-01-2021,06:55:00,826.3,827.95,825.75,826.42,3584
12-01-2021,07:00:00,825.86,832.46,825.86,830.55,68896
12-01-2021,07:05:00,830.65,831.7,830,831.7,18703
12-01-2021,07:10:00,831.44,832.1,830.03,830.33,19886
12-01-2021,07:15:00,830.6,833.54,830.5,833.5,22169
12-01-2021,07:20:00,833.5,834.77,832.57,834.2,36401
12-01-2021,07:25:00,833.99,836.06,833.43,833.61,48472
12-01-2021,07:30:00,833.56,834.69,833.56,834,9236
12-01-2021,07:35:00,833.8,834.45,832.38,834.07,12759
12-01-2021,07:40:00,834.44,836.38,834.44,834.6,23530
12-01-2021,07:45:00,834.6,835.19,833.79,835.06,10601
12-01-2021,07:50:00,835.28,835.28,834.42,835.19,8841
12-01-2021,07:55:00,835.32,835.32,833.04,834.15,9275
12-01-2021,08:00:00,831.321,836,826.5,833.18,76266
12-01-2021,08:05:00,833.25,833.79,832.5,833,5990
12-01-2021,08:10:00,832.95,833.86,831.15,831.68,16981
12-01-2021,08:15:00,831.02,832.98,830.81,830.81,16409
12-01-2021,08:20:00,830.73,830.75,828.52,829.8,23494
12-01-2021,08:25:00,829.55,829.66,827.56,828.57,26331
12-01-2021,08:30:00,828.76,831.25,828.5,830,38464
12-01-2021,08:35:00,829.64,830,828.5,829.25,8310
12-01-2021,08:40:00,829.51,830.99,828.49,830.99,17569
12-01-2021,08:45:00,830.37,832.31,829.5,829.75,20513
12-01-2021,08:50:00,829.5,831.6,828.09,830.05,10519
12-01-2021,08:55:00,830.03,830.75,827.18,827.18,48819
12-01-2021,09:00:00,827.18,830.03,827.01,829.51,39450
12-01-2021,09:05:00,829.51,829.71,828.5,829.65,16587
12-01-2021,09:10:00,829.5,833,829.5,831.1,40627
12-01-2021,09:15:00,831.78,833.51,831.1,833.51,25920
12-01-2021,09:20:00,833.15,833.51,832.01,833.18,25388
12-01-2021,09:25:00,833.3,833.4,830,831,31289
12-01-2021,09:30:00,831,843,827.34,841.59,1608792
12-01-2021,09:35:00,841.625,844.32,837.21,838.847,885307
12-01-2021,09:40:00,839.2,846.26,838,845.68,762886
12-01-2021,09:45:00,845.72,848.75,844.5,845.847,791488
12-01-2021,09:50:00,845.795,846.77,839.5,842.62,791875
12-01-2021,09:55:00,842.62,849.07,842,848.82,679297
12-01-2021,10:00:00,848.9,851.57,844.85,849.828,786741
12-01-2021,10:05:00,849.77,852.17,848.5,849.93,493362
12-01-2021,10:10:00,849.89,857.73,849.89,856.68,734907
12-01-2021,10:15:00,856.59,865,853.01,860.1,917793
12-01-2021,10:20:00,859.89,860.763,857.68,859.42,510702
12-01-2021,10:25:00,859.2,864,858.34,860.02,600787
12-01-2021,10:30:00,860.19,866.57,860.1,864.815,664742
12-01-2021,10:35:00,864.85,866.371,861.57,862.747,502606
12-01-2021,10:40:00,862.68,863.39,859,862.34,519876
12-01-2021,10:45:00,862.395,864.96,860.23,864.375,429954
12-01-2021,10:50:00,864.33,865.97,860.82,863.17,430525
12-01-2021,10:55:00,863.31,863.31,859.27,860.865,346237
12-01-2021,11:00:00,860.865,863.69,858.6,859.99,398785
12-01-2021,11:05:00,860,861.12,856.99,858.51,342463
12-01-2021,11:10:00,858.825,861,857.51,859.25,311302
12-01-2021,11:15:00,859.28,862.5,859.28,861.448,353123
12-01-2021,11:20:00,861.66,864.65,861.42,864.08,323880
12-01-2021,11:25:00,863.98,865,861.72,862.229,244508
12-01-2021,11:30:00,862.4,864.4,860.67,863.945,231949
12-01-2021,11:35:00,863.99,868,863.4,866.035,595206
12-01-2021,11:40:00,866.15,867.2,862.66,862.968,383065
12-01-2021,11:45:00,863.055,864.44,861.27,862.53,339859
12-01-2021,11:50:00,862.5,862.8,858.18,858.816,469650
12-01-2021,11:55:00,858.805,860.59,856.27,860.326,431618
12-01-2021,12:00:00,860.35,861.41,858.21,858.7,288949
12-01-2021,12:05:00,858.68,858.8,854.25,854.96,460799
12-01-2021,12:10:00,854.967,856.5,849,850.702,751728
12-01-2021,12:15:00,850.95,855.5,849,855.25,561563
12-01-2021,12:20:00,855.191,855.467,851.05,853.6,306991
12-01-2021,12:25:00,853.49,858.31,852.795,858.14,341469
12-01-2021,12:30:00,858.118,858.97,856.01,857.376,302140
12-01-2021,12:35:00,857.46,857.76,854.48,857.14,273719
12-01-2021,12:40:00,857.201,857.57,855.01,855.87,148892
12-01-2021,12:45:00,855.845,856.63,854.365,856.3,177452
12-01-2021,12:50:00,856.225,857.65,855.71,856.695,161185
12-01-2021,12:55:00,856.762,858.519,855.8,858.15,190584
12-01-2021,13:00:00,858.399,860,856.78,859.7,222242
12-01-2021,13:05:00,859.69,860,858,859.515,199618
12-01-2021,13:10:00,859.64,860,858.57,859.277,124770
12-01-2021,13:15:00,859.29,859.55,856.408,857.59,146583
12-01-2021,13:20:00,857.63,858.36,856.773,857.978,101228
12-01-2021,13:25:00,857.9,859,857.325,858.985,92829
12-01-2021,13:30:00,858.74,859.96,858.175,858.361,135260
12-01-2021,13:35:00,858.466,859.18,857.65,858.66,149803
12-01-2021,13:40:00,858.769,860.23,858.42,859.56,273063
12-01-2021,13:45:00,859.56,860,858.551,858.551,178041
12-01-2021,13:50:00,858.69,859.08,855,856.111,193286
12-01-2021,13:55:00,855.99,857.8,855.44,855.76,155870
12-01-2021,14:00:00,855.74,858.32,855.38,857.41,173954
12-01-2021,14:05:00,857.385,857.77,856,857,94274
12-01-2021,14:10:00,856.98,857.1,854.73,854.85,134021
12-01-2021,14:15:00,854.913,855,852.81,853.9,215965
12-01-2021,14:20:00,854,854.14,850.05,850.93,271033
12-01-2021,14:25:00,850.762,852.19,847.645,851.33,385320
12-01-2021,14:30:00,851.11,856.37,850.52,855.26,388664
12-01-2021,14:35:00,855.3,856.5,853.83,855.16,223136
12-01-2021,14:40:00,855.198,855.81,854.03,854.325,139669
12-01-2021,14:45:00,854.18,854.18,851.46,852.62,257720
12-01-2021,14:50:00,852.57,853.66,850.19,850.89,197286
12-01-2021,14:55:00,851.03,854.17,850.4,854,245349
12-01-2021,15:00:00,854.08,855.25,853.11,854.86,230168
12-01-2021,15:05:00,854.87,854.88,851.4,854.59,197462
12-01-2021,15:10:00,854.62,855.05,853.01,854.65,145989
12-01-2021,15:15:00,854.66,857.86,853.38,857.86,324370
12-01-2021,15:20:00,857.83,860.15,856.74,859.907,357058
12-01-2021,15:25:00,859.92,860.06,857.76,858.563,243753
12-01-2021,15:30:00,858.43,859.1,855.66,856.762,194857
12-01-2021,15:35:00,856.74,856.746,853.03,854.72,312150
12-01-2021,15:40:00,854.73,856.94,854.35,854.47,240725
12-01-2021,15:45:00,854.42,858.18,853.55,856.83,290081
12-01-2021,15:50:00,856.9,856.93,851.57,851.703,476918
12-01-2021,15:55:00,851.57,851.57,848.6,849.22,771829
12-01-2021,16:00:00,849.72,856.66,849.25,849.44,1084585
12-01-2021,16:05:00,849.43,856.518,847.6,848.45,90823
12-01-2021,16:10:00,848.75,849.44,848.25,848.47,15886
12-01-2021,16:15:00,848.97,849.44,848.4,849.2,9565
12-01-2021,16:20:00,849.33,849.4,848.05,848.22,13377
12-01-2021,16:25:00,848.28,848.28,847.1,847.55,17044
12-01-2021,16:30:00,847.52,848.5,847.52,848.45,3850
12-01-2021,16:35:00,848.5,849,848.31,848.33,1511
12-01-2021,16:40:00,848.49,849.4,848.21,849.3,5203
12-01-2021,16:45:00,849.03,851.25,849,850.8,26997
12-01-2021,16:50:00,850.5,850.5,849.01,849.43,5206
12-01-2021,16:55:00,849.6,849.7,848.92,848.92,1415
12-01-2021,17:00:00,849.01,849.02,848.73,848.73,3234
12-01-2021,17:05:00,849.35,850.24,849.05,849.71,5318
12-01-2021,17:10:00,849.71,850.8,849.63,849.7,1720
12-01-2021,17:15:00,850.12,850.69,849.8,850.06,2391
12-01-2021,17:20:00,850.25,850.28,850,850,1464
12-01-2021,17:25:00,850,850.6,850,850.5,2593
12-01-2021,17:30:00,850.2,851,850.2,851,3307
12-01-2021,17:35:00,850.93,851.95,850.93,851.5,9466
12-01-2021,17:40:00,851,852.75,851,851.64,6670
12-01-2021,17:45:00,852,852,851,851,2906
12-01-2021,17:50:00,851,851.5,851,851.5,2225
12-01-2021,17:55:00,851.85,851.85,851.26,851.5,556
12-01-2021,18:00:00,851.68,851.68,850.51,850.51,1566
12-01-2021,18:05:00,850.42,850.7,850.36,850.5,4069
12-01-2021,18:10:00,850.22,851,850.21,850.5,3011
12-01-2021,18:15:00,850.5,851.1,850.5,851,1813
12-01-2021,18:20:00,850.71,850.74,850.71,850.74,900
12-01-2021,18:25:00,850.74,851,850.74,850.76,2960
12-01-2021,18:30:00,851,851,851,851,800
12-01-2021,18:35:00,851.02,851.29,850.9,850.9,1463
12-01-2021,18:40:00,850.5,851,850.23,851,2889
12-01-2021,18:45:00,850.5,850.76,850.5,850.51,2975
12-01-2021,18:50:00,851,851.4,851,851,1200
12-01-2021,18:55:00,850.61,850.85,850.6,850.85,1612
12-01-2021,19:00:00,850.55,850.55,850.23,850.5,2599
12-01-2021,19:05:00,850.93,851.39,850.93,851,2038
12-01-2021,19:10:00,851.75,851.75,851.04,851.04,1025
12-01-2021,19:15:00,851.4,851.8,851.38,851.49,3034
12-01-2021,19:20:00,851.47,851.47,851.4,851.4,493
12-01-2021,19:25:00,851.4,852,851.4,852,4415
12-01-2021,19:30:00,851.55,851.55,851.35,851.45,3177
12-01-2021,19:35:00,851.36,851.5,851.25,851.5,2625
12-01-2021,19:40:00,851.52,851.99,851.5,851.5,4100
12-01-2021,19:45:00,851.85,851.9,851.01,851.01,5672
12-01-2021,19:50:00,851.05,851.5,851.05,851.5,3073
12-01-2021,19:55:00,851.5,852,851.15,852,7705
13-01-2021,04:00:00,855,860.49,855,858.5,4542
13-01-2021,04:05:00,859.4,861,855.13,855.13,4094
13-01-2021,04:10:00,854,856.95,848.85,849,21849
13-01-2021,04:15:00,849.1,855,849.1,853.31,4100
13-01-2021,04:20:00,853.61,855.8,853.61,855.8,1295
13-01-2021,04:25:00,856.75,856.75,855.8,855.8,2071
13-01-2021,04:30:00,854.75,854.75,854.75,854.75,200
13-01-2021,04:40:00,855.5,855.5,855.5,855.5,100
13-01-2021,04:45:00,856,856,856,856,1144
13-01-2021,04:50:00,855.7,856.12,855.7,856,1193
13-01-2021,04:55:00,854.8,854.8,852,852,1311
13-01-2021,05:00:00,852,852,851.21,851.8,1316
13-01-2021,05:05:00,851.4,851.4,849,850,11244
13-01-2021,05:10:00,850.89,851.56,850.89,851.56,773
13-01-2021,05:15:00,851,851.5,850,850,1272
13-01-2021,05:20:00,850.4,850.8,850.3,850.3,4408
13-01-2021,05:25:00,849.28,849.28,848.1,848.1,968
13-01-2021,05:30:00,848,848,844,844,7661
13-01-2021,05:35:00,843.01,844.03,843,843.01,681
13-01-2021,05:40:00,844.89,846.11,844.89,846.11,531
13-01-2021,05:45:00,845.55,845.55,845,845,2407
13-01-2021,05:50:00,845.11,845.11,845,845,897
13-01-2021,05:55:00,845,845,845,845,371
13-01-2021,06:20:00,842,842,840.26,841.22,4774
13-01-2021,06:25:00,840.59,841.04,839.1,840.2,5764
13-01-2021,06:30:00,840.26,842.4,840.26,842.4,666
13-01-2021,06:35:00,843,843.93,842.9,843.93,871
13-01-2021,06:40:00,843.53,843.53,843.2,843.2,200
13-01-2021,06:45:00,844,844.44,842.11,842.23,950
13-01-2021,06:50:00,842.51,843.79,842.51,843.73,400
13-01-2021,06:55:00,843.79,845,843.11,843.51,2446
13-01-2021,07:00:00,843,847.28,843,846.78,19544
13-01-2021,07:05:00,846.21,849,846.12,847.49,21158
13-01-2021,07:10:00,847.06,847.44,846.01,846.5,8777
13-01-2021,07:15:00,846.5,847.01,845.79,846.01,12408
13-01-2021,07:20:00,845.9,848.85,845.86,848.84,6425
13-01-2021,07:25:00,848.47,849.7,847.11,848.5,11119
13-01-2021,07:30:00,848,848.23,846.01,847.46,11493
13-01-2021,07:35:00,847.98,848.03,846.5,848.03,6742
13-01-2021,07:40:00,847.73,849,847.73,848.61,6479
13-01-2021,07:45:00,848.98,849.2,847.85,848.56,3372
13-01-2021,07:50:00,848.23,848.23,847,847,2689
13-01-2021,07:55:00,846.88,847.02,846.04,846.52,13847
13-01-2021,08:00:00,845.001,849.4,844,848.49,33940
13-01-2021,08:05:00,847.99,848,846.22,846.7,7459
13-01-2021,08:10:00,846.25,846.46,845,845.76,16422
13-01-2021,08:15:00,845.03,846,844.84,844.84,5870
13-01-2021,08:20:00,844.44,845.81,844.1,845.5,5951
13-01-2021,08:25:00,845.57,845.99,845.2,845.99,1385
13-01-2021,08:30:00,845.94,847.6,845.9,846.65,10521
13-01-2021,08:35:00,847,847.3,846.98,847.3,4262
13-01-2021,08:40:00,847.35,847.69,847,847,5966
13-01-2021,08:45:00,847,847,845.65,846.83,5596
13-01-2021,08:50:00,846,846.75,846,846.75,1369
13-01-2021,08:55:00,846.64,847.49,846.64,847.49,1078
13-01-2021,09:00:00,847.2,847.2,846.5,846.55,2384
13-01-2021,09:05:00,846.9,847.09,846.56,847,3874
13-01-2021,09:10:00,846.75,847.5,846.75,847.2,5076
13-01-2021,09:15:00,847.6,852.74,847.6,852.74,25995
13-01-2021,09:20:00,852.5,856,852.5,854.61,51099
13-01-2021,09:25:00,854.99,855,852.39,852.77,18316
13-01-2021,09:30:00,852.41,860.47,852,856.83,1011974
13-01-2021,09:35:00,856.41,860.36,855.1,857.293,600544
13-01-2021,09:40:00,857.205,858,845.18,845.511,692507
13-01-2021,09:45:00,845.74,854.25,845.63,852,624562
13-01-2021,09:50:00,852,854.35,846.5,849.81,398482
13-01-2021,09:55:00,849.81,851.38,845.5,846.165,307836
13-01-2021,10:00:00,846.108,846.53,833.51,834.323,994615
13-01-2021,10:05:00,834.362,844.99,834.2,844.2,710266
13-01-2021,10:10:00,843.785,844.98,837.17,840.857,424309
13-01-2021,10:15:00,840.89,841.81,836.38,839.26,315282
13-01-2021,10:20:00,839.3,843.9,839,842.066,355962
13-01-2021,10:25:00,841.77,843.2,837.651,839.84,301301
13-01-2021,10:30:00,839.9,840.7,837,839.52,236983
13-01-2021,10:35:00,839.46,842.19,838.259,840.83,271523
13-01-2021,10:40:00,840.68,845,838.49,843.87,407294
13-01-2021,10:45:00,843.67,846.799,842.5,844.1,307269
13-01-2021,10:50:00,844.14,845.777,842.17,844.65,194247
13-01-2021,10:55:00,844.469,845.5,843.65,843.895,139937
13-01-2021,11:00:00,844.16,844.8,841.25,842.31,148812
13-01-2021,11:05:00,842.658,843.838,841.97,843.43,100028
13-01-2021,11:10:00,843.34,843.85,840.7,840.884,116889
13-01-2021,11:15:00,840.845,841.5,839.1,839.625,173853
13-01-2021,11:20:00,839.617,842.17,838.75,841.891,161007
13-01-2021,11:25:00,841.64,843,840.62,842.44,142860
13-01-2021,11:30:00,842.51,842.65,839.8,840.49,110154
13-01-2021,11:35:00,840.62,841.41,840.135,840.955,65937
13-01-2021,11:40:00,841.08,842.11,840.395,842.01,64386
13-01-2021,11:45:00,841.96,842.14,839.73,839.935,104799
13-01-2021,11:50:00,840.02,840.21,838.1,839.325,199338
13-01-2021,11:55:00,839.3,840.21,837.37,837.943,144451
13-01-2021,12:00:00,837.997,838.573,834.1,834.54,308569
13-01-2021,12:05:00,834.632,837.06,834.2,835.5,204172
13-01-2021,12:10:00,835.57,838.62,835.35,837.61,157505
13-01-2021,12:15:00,837.54,838.94,837.416,837.62,113829
13-01-2021,12:20:00,837.665,838.46,837.41,837.77,86497
13-01-2021,12:25:00,837.68,839.84,837.43,839.15,187346
13-01-2021,12:30:00,839.115,839.4,836,836.44,143806
13-01-2021,12:35:00,836.45,836.45,834.35,835.62,199894
13-01-2021,12:40:00,835.795,836.89,834.7,836.212,169353
13-01-2021,12:45:00,836.43,836.62,832,832,222308
13-01-2021,12:50:00,832.123,836.54,832,835.94,263375
13-01-2021,12:55:00,836.09,841.48,835.66,839.99,309241
13-01-2021,13:00:00,840.06,840.5,838,840.16,200285
13-01-2021,13:05:00,840.31,840.46,837.793,838.82,162263
13-01-2021,13:10:00,838.924,838.97,837.762,837.8,91613
13-01-2021,13:15:00,837.81,839.5,836.74,837.173,133788
13-01-2021,13:20:00,837.37,838.82,837.172,838.12,67947
13-01-2021,13:25:00,838.3,838.88,837.45,838.022,64025
13-01-2021,13:30:00,837.95,838.079,836.6,836.66,59766
13-01-2021,13:35:00,836.695,839.56,836.55,839.421,123827
13-01-2021,13:40:00,839.39,840.41,838.56,839.4,119734
13-01-2021,13:45:00,839.42,839.55,837.261,838.44,88466
13-01-2021,13:50:00,838.57,841.38,837.95,841.185,137350
13-01-2021,13:55:00,841.15,844,841.09,844,296444
13-01-2021,14:00:00,843.952,847,842.774,846.62,384123
13-01-2021,14:05:00,846.58,848.95,846.41,847.4,312262
13-01-2021,14:10:00,847.279,852.15,847.24,852.08,410384
13-01-2021,14:15:00,852.17,854.25,850.554,854.25,415292
13-01-2021,14:20:00,854.16,854.204,851.51,852,310400
13-01-2021,14:25:00,852,855.45,851.821,853.85,386287
13-01-2021,14:30:00,854.03,855.51,853.1,853.86,259037
13-01-2021,14:35:00,853.7,854.5,852.37,854.31,173655
13-01-2021,14:40:00,854.362,855.18,850.06,850.27,291347
13-01-2021,14:45:00,850.291,852.08,849.51,851.397,293127
13-01-2021,14:50:00,851.397,853.99,851.3,853.056,240400
13-01-2021,14:55:00,852.88,855.73,851.4,855.63,268744
13-01-2021,15:00:00,855.502,856,853.34,854.655,235015
13-01-2021,15:05:00,854.655,855.9,852.52,853.49,177162
13-01-2021,15:10:00,853.602,855.741,852.9,855.294,221728
13-01-2021,15:15:00,855.19,858,854.269,857.66,300862
13-01-2021,15:20:00,857.61,857.83,854.5,855.26,252289
13-01-2021,15:25:00,855.19,855.19,851.13,851.441,214302
13-01-2021,15:30:00,851.386,854,849.75,853.85,329090
13-01-2021,15:35:00,853.93,854.86,852.66,853.74,189815
13-01-2021,15:40:00,853.739,854.61,853.39,853.651,142581
13-01-2021,15:45:00,853.71,855.828,851.648,852.66,250776
13-01-2021,15:50:00,852.47,853.599,850.5,853.23,235130
13-01-2021,15:55:00,853.44,855,853.2,854.42,376881
13-01-2021,16:00:00,854.9,854.97,854.01,854.22,939741
13-01-2021,16:05:00,854.21,855.5,854.21,855,23062
13-01-2021,16:10:00,855.28,855.9,854.45,854.55,24422
13-01-2021,16:15:00,854.4,854.76,853.16,853.16,14015
13-01-2021,16:20:00,853.16,854.88,853.16,853.85,10392
13-01-2021,16:25:00,853.5,853.9,852.1,852.1,13845
13-01-2021,16:30:00,852.5,853.5,851.75,853,12593
13-01-2021,16:35:00,852.5,852.91,852.5,852.8,2499
13-01-2021,16:40:00,852.6,852.93,852.02,852.93,5210
13-01-2021,16:45:00,852.61,853.68,852.61,853.68,4689
13-01-2021,16:50:00,853.8,853.94,853.4,853.75,3760
13-01-2021,16:55:00,853.46,853.89,853.4,853.4,4554
13-01-2021,17:00:00,853.4,853.4,852.51,852.51,4137
13-01-2021,17:05:00,852.74,852.78,852.51,852.77,8171
13-01-2021,17:10:00,852.75,852.8,852.75,852.75,723
13-01-2021,17:15:00,852.8,852.98,852.78,852.84,2253
13-01-2021,17:20:00,852.82,852.82,852.5,852.57,1717
13-01-2021,17:25:00,852.69,852.75,852.55,852.55,3899
13-01-2021,17:30:00,852.55,852.9,852.13,852.13,2790
13-01-2021,17:35:00,852.03,852.14,852.03,852.14,633
13-01-2021,17:40:00,852.45,852.7,852.45,852.5,1501
13-01-2021,17:45:00,852.33,852.7,849,849,15700
13-01-2021,17:50:00,849.1,851.23,849.02,851,4578
13-01-2021,17:55:00,851,851.8,850.5,850.5,4454
13-01-2021,18:00:00,850.45,850.45,845.01,845.51,24918
13-01-2021,18:05:00,845.5,846,843,845,13505
13-01-2021,18:10:00,845,846,844,844.3,12802
13-01-2021,18:15:00,844.22,845.89,842,842,16103
13-01-2021,18:20:00,841.91,843,838.8,839,26463
13-01-2021,18:25:00,839.03,844.49,839.03,844,18223
13-01-2021,18:30:00,844.05,845.44,843.55,844.5,12289
13-01-2021,18:35:00,844.81,844.81,843.04,843.5,4851
13-01-2021,18:40:00,843.2,844.9,843.2,844.62,5166
13-01-2021,18:45:00,844.5,844.88,844,844.75,2579
13-01-2021,18:50:00,844.48,845.59,844.48,845.59,5921
13-01-2021,18:55:00,846,846.77,845.52,846,11016
13-01-2021,19:00:00,846,846.8,846,846.8,1741
13-01-2021,19:05:00,846.9,846.9,845.19,846.6,8748
13-01-2021,19:10:00,846.85,846.85,846,846.25,2656
13-01-2021,19:15:00,846.42,846.77,846.1,846.77,3838
13-01-2021,19:20:00,847,847,845.8,846,9109
13-01-2021,19:25:00,845.62,845.9,844.2,844.9,13176
13-01-2021,19:30:00,844.8,846.87,844.8,846.74,7623
13-01-2021,19:35:00,846.35,846.9,845.5,845.5,3087
13-01-2021,19:40:00,845,845.25,843.53,844,10767
13-01-2021,19:45:00,844.48,844.99,844.05,844.2,3799
13-01-2021,19:50:00,844.47,844.75,844.05,844.05,16797
13-01-2021,19:55:00,844,844.5,842.5,843.1,23703
14-01-2021,04:00:00,840,842.06,839,841.61,5201
14-01-2021,04:05:00,841.57,841.57,839.9,839.9,2157
14-01-2021,04:10:00,839.7,839.7,837.66,837.66,4179
14-01-2021,04:15:00,839.03,840.3,839.03,840.3,1314
14-01-2021,04:20:00,839.68,840,839.5,839.5,828
14-01-2021,04:25:00,839.4,839.4,839,839,698
14-01-2021,04:30:00,839.53,839.98,839.37,839.98,412
14-01-2021,04:35:00,840.7,841.07,840.7,841.07,400
14-01-2021,04:40:00,840.6,840.9,840.25,840.25,1286
14-01-2021,04:45:00,839.56,840,839,839.88,2404
14-01-2021,04:50:00,839.14,839.14,839.14,839.14,101
14-01-2021,04:55:00,839.8,839.8,839.8,839.8,100
14-01-2021,05:00:00,838.9,838.9,838.9,838.9,100
14-01-2021,05:10:00,839.73,840,839.73,840,698
14-01-2021,05:15:00,839.8,840,839.69,839.69,700
14-01-2021,05:20:00,839.8,840,839.8,840,1556
14-01-2021,05:25:00,838.65,838.65,838.65,838.65,100
14-01-2021,05:30:00,838.56,839,838.56,839,548
14-01-2021,05:35:00,839,839,839,839,100
14-01-2021,05:40:00,839,839,839,839,272
14-01-2021,05:50:00,838,838,838,838,400
14-01-2021,05:55:00,838.49,838.6,838.49,838.6,244
14-01-2021,06:00:00,837.99,838.7,837.99,838.69,325
14-01-2021,06:05:00,838.75,840,838.75,840,915
14-01-2021,06:10:00,839.9,840,839.9,840,4303
14-01-2021,06:15:00,840,840,839.7,839.7,2009
14-01-2021,06:20:00,839.5,839.5,839.5,839.5,397
14-01-2021,06:35:00,839.06,839.06,839.06,839.06,200
14-01-2021,06:40:00,839.9,842.35,839.9,841.51,3179
14-01-2021,06:55:00,842.18,843.99,842.18,843.98,822
14-01-2021,07:00:00,843.76,844.34,841.51,843.68,35375
14-01-2021,07:05:00,843.25,843.48,842.5,842.74,6840
14-01-2021,07:10:00,842.99,843.48,842.75,843.48,3204
14-01-2021,07:15:00,843.48,844.88,843.48,844.88,4602
14-01-2021,07:20:00,844.99,845.8,844.98,845.1,12035
14-01-2021,07:25:00,845.3,846.19,845.3,846,3016
14-01-2021,07:30:00,845.65,845.7,845.37,845.4,2256
14-01-2021,07:35:00,845.4,846.5,845.4,846.5,5066
14-01-2021,07:40:00,846.54,846.98,846.15,846.98,3504
14-01-2021,07:45:00,846.98,847.77,846.98,847.69,4760
14-01-2021,07:50:00,847.76,847.95,847.3,847.94,3686
14-01-2021,07:55:00,847.94,847.94,847,847.05,6242
14-01-2021,08:00:00,843.5,847.88,841.95,845.57,20873
14-01-2021,08:05:00,846.21,846.78,845.9,846.5,4815
14-01-2021,08:10:00,846.11,846.9,846.11,846.5,3394
14-01-2021,08:15:00,846.5,846.5,845.49,845.7,4264
14-01-2021,08:20:00,845.55,845.55,844,844,16580
14-01-2021,08:25:00,843.77,845,843.51,843.72,12255
14-01-2021,08:30:00,843.7,844,843,843.68,16618
14-01-2021,08:35:00,843.99,844.91,843.5,844.89,6258
14-01-2021,08:40:00,844.55,844.89,843.5,843.7,5934
14-01-2021,08:45:00,843.75,843.89,842.7,843.57,14309
14-01-2021,08:50:00,843.57,843.92,843.5,843.92,3603
14-01-2021,08:55:00,843.8,843.8,843.5,843.63,7588
14-01-2021,09:00:00,843.63,843.63,842,842.6,20861
14-01-2021,09:05:00,842.6,843.41,842.5,843,12705
14-01-2021,09:10:00,842.99,843,842.71,842.8,6158
14-01-2021,09:15:00,843,843,842,842.15,12057
14-01-2021,09:20:00,842.21,844.89,842.15,844.89,15779
14-01-2021,09:25:00,845,845.99,842.93,843.5,35132
14-01-2021,09:30:00,843.49,847.68,840.66,842.73,804151
14-01-2021,09:35:00,842.687,843.49,838.75,842.3,581283
14-01-2021,09:40:00,842.28,849.7,842.12,848.79,578151
14-01-2021,09:45:00,848.675,848.99,844.29,845.5,367230
14-01-2021,09:50:00,845.62,846.67,842.77,843.988,281990
14-01-2021,09:55:00,843.819,847.89,843.3,846.41,320843
14-01-2021,10:00:00,846.55,853.862,846.327,852.467,583476
14-01-2021,10:05:00,852.68,857.84,852.595,855.331,648644
14-01-2021,10:10:00,855.398,860.1,854.6,859.236,634893
14-01-2021,10:15:00,859.275,860.35,857.25,859.08,524258
14-01-2021,10:20:00,859.1,860.1,856.5,859.28,467416
14-01-2021,10:25:00,859.28,860.01,857.4,858,550912
14-01-2021,10:30:00,858,863,855.2,862.185,758704
14-01-2021,10:35:00,862.266,862.44,858.51,859.27,520079
14-01-2021,10:40:00,859.27,861.92,859,861.09,345165
14-01-2021,10:45:00,861.18,862.22,859.42,860.37,323450
14-01-2021,10:50:00,860.433,860.45,858,858.967,202172
14-01-2021,10:55:00,859.4,860.1,856.06,857.03,239989
14-01-2021,11:00:00,856.83,858.933,856.6,858.36,172090
14-01-2021,11:05:00,858.19,859.25,856.77,857.85,156674
14-01-2021,11:10:00,857.9,859.7,856.889,857.56,172560
14-01-2021,11:15:00,857.56,857.56,853.08,855.636,282349
14-01-2021,11:20:00,855.61,855.761,852.5,852.925,219266
14-01-2021,11:25:00,852.702,854.7,852.19,853.243,208548
14-01-2021,11:30:00,853.05,856.14,852.96,855.06,239499
14-01-2021,11:35:00,854.85,856.75,854.5,856.415,168070
14-01-2021,11:40:00,856.336,858,855.57,856.9,157130
14-01-2021,11:45:00,857.125,857.59,854.2,854.454,138434
14-01-2021,11:50:00,854.375,855.343,851.5,852.17,215341
14-01-2021,11:55:00,852.098,853.63,850.2,853.224,239569
14-01-2021,12:00:00,853.3,853.67,851.5,852.055,130595
14-01-2021,12:05:00,852.024,854.23,851.01,853.33,145512
14-01-2021,12:10:00,853.1,853.84,850.62,853.64,131690
14-01-2021,12:15:00,853.84,853.88,851.62,852.355,78849
14-01-2021,12:20:00,852.36,856.759,852.271,856.12,202289
14-01-2021,12:25:00,856.42,856.63,855.32,856.28,128896
14-01-2021,12:30:00,856.293,858,855.764,856.61,246633
14-01-2021,12:35:00,856.75,856.98,853.11,854.115,175775
14-01-2021,12:40:00,854.115,854.12,852.5,852.625,163898
14-01-2021,12:45:00,852.5,852.8,850.87,852.58,169933
14-01-2021,12:50:00,852.46,853.43,852.35,853.199,99781
14-01-2021,12:55:00,853.294,854.6,852.82,854.245,149121
14-01-2021,13:00:00,854.2,854.206,845.65,849.395,281301
14-01-2021,13:05:00,849.51,849.51,846.2,847.41,339545
14-01-2021,13:10:00,847.433,849.7,845.63,848.64,300920
14-01-2021,13:15:00,848.75,851.09,848,848.46,225812
14-01-2021,13:20:00,848.41,849.41,846.883,848.08,159959
14-01-2021,13:25:00,848.01,848.16,844.69,845.113,204859
14-01-2021,13:30:00,845,847.57,844,846.532,258584
14-01-2021,13:35:00,846.41,847.5,845.93,846.843,97105
14-01-2021,13:40:00,846.915,849.445,846,849.149,181190
14-01-2021,13:45:00,849.11,850,848.42,849.5,157878
14-01-2021,13:50:00,849.75,852.82,849.68,850.29,286625
14-01-2021,13:55:00,850.22,850.22,847.03,847.03,179888
14-01-2021,14:00:00,847.165,849.1,846.68,848.7,132688
14-01-2021,14:05:00,848.76,849.32,847.845,848.59,93271
14-01-2021,14:10:00,848.77,849.921,848.687,849.41,169237
14-01-2021,14:15:00,849.325,852,848.974,851.61,181678
14-01-2021,14:20:00,851.76,851.861,850.492,851,121283
14-01-2021,14:25:00,850.99,852.5,849.15,852.233,184126
14-01-2021,14:30:00,852.195,855,851.601,854.06,290469
14-01-2021,14:35:00,853.81,854.18,851,851.2,234083
14-01-2021,14:40:00,851.195,851.5,849.13,849.83,179777
14-01-2021,14:45:00,849.934,851.2,849.47,850.79,140805
14-01-2021,14:50:00,850.7,851.59,848.5,850.16,176275
14-01-2021,14:55:00,850.07,850.3,847.265,848.875,200633
14-01-2021,15:00:00,848.77,849.83,848.05,848.57,137821
14-01-2021,15:05:00,848.7,849.15,846.5,846.797,115905
14-01-2021,15:10:00,846.785,847.8,845.61,847.65,129332
14-01-2021,15:15:00,847.68,848.57,844.18,844.325,208016
14-01-2021,15:20:00,844.348,847.05,844.215,846.026,190936
14-01-2021,15:25:00,845.895,846.68,843.4,846.555,249153
14-01-2021,15:30:00,846.57,848.45,844.84,848.316,244818
14-01-2021,15:35:00,848.45,849,847.53,848.127,208339
14-01-2021,15:40:00,848.19,848.3,846.1,847.738,168678
14-01-2021,15:45:00,847.56,848.06,846.125,846.85,180204
14-01-2021,15:50:00,846.63,847,845.26,845.505,212498
14-01-2021,15:55:00,845.456,846.06,843.7,844.21,382519
14-01-2021,16:00:00,845,846,844.31,845.86,557132
14-01-2021,16:05:00,845.88,847.45,845.75,846.32,13070
14-01-2021,16:10:00,846.3,847.5,846.3,846.84,7780
14-01-2021,16:15:00,846.7,846.8,846.27,846.5,2731
14-01-2021,16:20:00,846.65,846.89,846.31,846.54,2354
14-01-2021,16:25:00,846.54,847.03,846.54,847.03,8642
14-01-2021,16:30:00,847.4,848.25,847.25,848.25,8213
14-01-2021,16:35:00,847.97,848.15,845,847.45,5596
14-01-2021,16:40:00,847.18,847.45,846.8,847.34,1908
14-01-2021,16:45:00,846.92,847.3,846.59,846.59,4773
14-01-2021,16:50:00,846.61,846.89,846.61,846.67,2213
14-01-2021,16:55:00,846.62,847,846.62,846.78,761
14-01-2021,17:00:00,847,847.3,847,847.3,852
14-01-2021,17:05:00,847.4,847.5,847.25,847.5,2536
14-01-2021,17:10:00,847.5,847.97,847.31,847.9,2495
14-01-2021,17:15:00,847.22,847.5,847,847.15,1700
14-01-2021,17:20:00,847.15,847.68,847.15,847.15,987
14-01-2021,17:25:00,847.68,848.34,847.68,848,5994
14-01-2021,17:30:00,848.3,848.38,848,848,2423
14-01-2021,17:35:00,848,848,847.11,847.11,1406
14-01-2021,17:40:00,847.4,848,847.4,848,692
14-01-2021,17:45:00,848,848.2,847.99,848,1915
14-01-2021,17:50:00,848.18,848.2,847.83,848.2,1109
14-01-2021,17:55:00,847.81,848,847.81,848,213
14-01-2021,18:00:00,847.81,847.9,847,847,4875
14-01-2021,18:05:00,846.99,847.4,846.99,847.4,772
14-01-2021,18:10:00,847.5,847.5,847.4,847.4,906
14-01-2021,18:15:00,847.18,847.18,847.18,847.18,150
14-01-2021,18:20:00,847.4,847.4,847.24,847.24,636
14-01-2021,18:25:00,847.18,847.18,846.61,846.61,1070
14-01-2021,18:30:00,847,847,847,847,823
14-01-2021,18:35:00,847.25,847.25,846.85,846.87,972
14-01-2021,18:40:00,847,847,846.75,846.75,975
14-01-2021,18:45:00,847.03,847.03,847.03,847.03,383
14-01-2021,18:50:00,847,847.1,847,847.1,520
14-01-2021,18:55:00,846.98,846.98,846.25,846.74,3083
14-01-2021,19:00:00,846.45,846.46,846.04,846.46,963
